muni_code,muni,muni_en
01100,札幌市,Hokkaido Sapporo-shi
01202,函館市,Hokkaido Hakodate-shi
01203,小樽市,Hokkaido Otaru-shi
01204,旭川市,Hokkaido Asahikawa-shi
01205,室蘭市,Hokkaido Muroran-shi
01206,釧路市,Hokkaido Kushiro-shi
01207,帯広市,Hokkaido Obihiro-shi
01208,北見市,Hokkaido Kitami-shi
01209,夕張市,Hokkaido Yubari-shi
01210,岩見沢市,Hokkaido Iwamizawa-shi
01211,網走市,Hokkaido Abashiri-shi
01212,留萌市,Hokkaido Rumoi-shi
01213,苫小牧市,Hokkaido Tomakomai-shi
01214,稚内市,Hokkaido Wakkanai-shi
01215,美唄市,Hokkaido Bibai-shi
01216,芦別市,Hokkaido Ashibetsu-shi
01217,江別市,Hokkaido Ebetsu-shi
01218,赤平市,Hokkaido Akabira-shi
01219,紋別市,Hokkaido Mombetsu-shi
01220,士別市,Hokkaido Shibetsu-shi
01221,名寄市,Hokkaido Nayoro-shi
01222,三笠市,Hokkaido Mikasa-shi
01223,根室市,Hokkaido Nemuro-shi
01224,千歳市,Hokkaido Chitose-shi
01225,滝川市,Hokkaido Takikawa-shi
01226,砂川市,Hokkaido Sunagawa-shi
01227,歌志内市,Hokkaido Utashinai-shi
01228,深川市,Hokkaido Fukagawa-shi
01229,富良野市,Hokkaido Furano-shi
01230,登別市,Hokkaido Noboribetsu-shi
01231,恵庭市,Hokkaido Eniwa-shi
01233,伊達市,Hokkaido Date-shi
01234,北広島市,Hokkaido Kitahiroshima-shi
01235,石狩市,Hokkaido Ishikari-shi
01236,北斗市,Hokkaido Hokuto-shi
01303,当別町,Hokkaido Tobetsu-cho
01304,新篠津村,Hokkaido Shinshinotsu-mura
01331,松前町,Hokkaido Matsumae-cho
01332,福島町,Hokkaido Fukushima-cho
01333,知内町,Hokkaido Shiriuchi-cho
01334,木古内町,Hokkaido Kikonai-cho
01337,七飯町,Hokkaido Nanae-cho
01343,鹿部町,Hokkaido Shikabe-cho
01345,森町,Hokkaido Mori-machi
01346,八雲町,Hokkaido Yakumo-cho
01347,長万部町,Hokkaido Oshamambe-cho
01361,江差町,Hokkaido Esashi-cho
01362,上ノ国町,Hokkaido Kaminokuni-cho
01363,厚沢部町,Hokkaido Assabu-cho
01364,乙部町,Hokkaido Otobe-cho
01367,奥尻町,Hokkaido Okushiri-cho
01370,今金町,Hokkaido Imakane-cho
01371,せたな町,Hokkaido Setana-cho
01391,島牧村,Hokkaido Shimamaki-mura
01392,寿都町,Hokkaido Suttsu-cho
01393,黒松内町,Hokkaido Kuromatsunai-cho
01394,蘭越町,Hokkaido Rankoshi-cho
01395,ニセコ町,Hokkaido Niseko-cho
01396,真狩村,Hokkaido Makkari-mura
01397,留寿都村,Hokkaido Rusutsu-mura
01398,喜茂別町,Hokkaido Kimobetsu-cho
01399,京極町,Hokkaido Kyogoku-cho
01400,倶知安町,Hokkaido Kutchan-cho
01401,共和町,Hokkaido Kyowa-cho
01402,岩内町,Hokkaido Iwanai-cho
01403,泊村,Hokkaido Tomari-mura
01404,神恵内村,Hokkaido Kamoenai-mura
01405,積丹町,Hokkaido Shakotan-cho
01406,古平町,Hokkaido Furubira-cho
01407,仁木町,Hokkaido Niki-cho
01408,余市町,Hokkaido Yoichi-cho
01409,赤井川村,Hokkaido Akaigawa-mura
01423,南幌町,Hokkaido Nanporo-cho
01424,奈井江町,Hokkaido Naie-cho
01425,上砂川町,Hokkaido Kamisunagawa-cho
01427,由仁町,Hokkaido Yuni-cho
01428,長沼町,Hokkaido Naganuma-cho
01429,栗山町,Hokkaido Kuriyama-cho
01430,月形町,Hokkaido Tsukigata-cho
01431,浦臼町,Hokkaido Urausu-cho
01432,新十津川町,Hokkaido Shintotsukawa-cho
01433,妹背牛町,Hokkaido Moseushi-cho
01434,秩父別町,Hokkaido Chippubetsu-cho
01436,雨竜町,Hokkaido Uryu-cho
01437,北竜町,Hokkaido Hokuryu-cho
01438,沼田町,Hokkaido Numata-cho
01452,鷹栖町,Hokkaido Takasu-cho
01453,東神楽町,Hokkaido Higashikagura-cho
01454,当麻町,Hokkaido Tohma-cho
01455,比布町,Hokkaido Pippu-cho
01456,愛別町,Hokkaido Aibetsu-cho
01457,上川町,Hokkaido Kamikawa-cho
01458,東川町,Hokkaido Higashikawa-cho
01459,美瑛町,Hokkaido Biei-cho
01460,上富良野町,Hokkaido Kamifurano-cho
01461,中富良野町,Hokkaido Nakafurano-cho
01462,南富良野町,Hokkaido Minamifurano-cho
01463,占冠村,Hokkaido Shimukappu-mura
01464,和寒町,Hokkaido Wassamu-cho
01465,剣淵町,Hokkaido Kembuchi-cho
01468,下川町,Hokkaido Shimokawa-cho
01469,美深町,Hokkaido Bifuka-cho
01470,音威子府村,Hokkaido Otoineppu-mura
01471,中川町,Hokkaido Nakagawa-cho
01472,幌加内町,Hokkaido Horokanai-cho
01481,増毛町,Hokkaido Mashike-cho
01482,小平町,Hokkaido Obira-cho
01483,苫前町,Hokkaido Tomamae-cho
01484,羽幌町,Hokkaido Haboro-cho
01485,初山別村,Hokkaido Shosambetsu-mura
01486,遠別町,Hokkaido Embetsu-cho
01487,天塩町,Hokkaido Teshio-cho
01511,猿払村,Hokkaido Sarufutsu-mura
01512,浜頓別町,Hokkaido Hamatombetsu-cho
01513,中頓別町,Hokkaido Nakatombetsu-cho
01514,枝幸町,Hokkaido Esashi-cho
01516,豊富町,Hokkaido Toyotomi-cho
01517,礼文町,Hokkaido Rebun-cho
01518,利尻町,Hokkaido Rishiri-cho
01519,利尻富士町,Hokkaido Rishirifuji-cho
01520,幌延町,Hokkaido Horonobe-cho
01543,美幌町,Hokkaido Bihoro-cho
01544,津別町,Hokkaido Tsubetsu-cho
01545,斜里町,Hokkaido Shari-cho
01546,清里町,Hokkaido Kiyosato-cho
01547,小清水町,Hokkaido Koshimizu-cho
01549,訓子府町,Hokkaido Kunneppu-cho
01550,置戸町,Hokkaido Oketo-cho
01552,佐呂間町,Hokkaido Saroma-cho
01555,遠軽町,Hokkaido Engaru-cho
01559,湧別町,Hokkaido Yubetsu-cho
01560,滝上町,Hokkaido Takinoue-cho
01561,興部町,Hokkaido Okoppe-cho
01562,西興部村,Hokkaido Nishiokoppe-mura
01563,雄武町,Hokkaido Omu-cho
01564,大空町,Hokkaido Ozora-cho
01571,豊浦町,Hokkaido Toyoura-cho
01575,壮瞥町,Hokkaido Sobetsu-cho
01578,白老町,Hokkaido Shiraoi-cho
01581,厚真町,Hokkaido Atsuma-cho
01584,洞爺湖町,Hokkaido Toyako-cho
01585,安平町,Hokkaido Abira-cho
01586,むかわ町,Hokkaido Mukawa-cho
01601,日高町,Hokkaido Hidaka-cho
01602,平取町,Hokkaido Biratori-cho
01604,新冠町,Hokkaido Niikappu-cho
01607,浦河町,Hokkaido Urakawa-cho
01608,様似町,Hokkaido Samani-cho
01609,えりも町,Hokkaido Erimo-cho
01610,新ひだか町,Hokkaido Shinhidaka-cho
01631,音更町,Hokkaido Otofuke-cho
01632,士幌町,Hokkaido Shihoro-cho
01633,上士幌町,Hokkaido Kamishihoro-cho
01634,鹿追町,Hokkaido Shikaoi-cho
01635,新得町,Hokkaido Shintoku-cho
01636,清水町,Hokkaido Shimizu-cho
01637,芽室町,Hokkaido Memuro-cho
01638,中札内村,Hokkaido Nakasatsunai-mura
01639,更別村,Hokkaido Sarabetsu-mura
01641,大樹町,Hokkaido Taiki-cho
01642,広尾町,Hokkaido Hiroo-cho
01643,幕別町,Hokkaido Makubetsu-cho
01644,池田町,Hokkaido Ikeda-cho
01645,豊頃町,Hokkaido Toyokoro-cho
01646,本別町,Hokkaido Hombetsu-cho
01647,足寄町,Hokkaido Ashoro-cho
01648,陸別町,Hokkaido Rikubetsu-cho
01649,浦幌町,Hokkaido Urahoro-cho
01661,釧路町,Hokkaido Kushiro-cho
01662,厚岸町,Hokkaido Akkeshi-cho
01663,浜中町,Hokkaido Hamanaka-cho
01664,標茶町,Hokkaido Shibecha-cho
01665,弟子屈町,Hokkaido Teshikaga-cho
01667,鶴居村,Hokkaido Tsurui-mura
01668,白糠町,Hokkaido Shiranuka-cho
01691,別海町,Hokkaido Betsukai-cho
01692,中標津町,Hokkaido Nakashibetsu-cho
01693,標津町,Hokkaido Shibetsu-cho
01694,羅臼町,Hokkaido Rausu-cho
02201,青森市,Aomori-ken Aomori-shi
02202,弘前市,Aomori-ken Hirosaki-shi
02203,八戸市,Aomori-ken Hachinohe-shi
02204,黒石市,Aomori-ken Kuroishi-shi
02205,五所川原市,Aomori-ken Goshogawara-shi
02206,十和田市,Aomori-ken Towada-shi
02207,三沢市,Aomori-ken Misawa-shi
02208,むつ市,Aomori-ken Mutsu-shi
02209,つがる市,Aomori-ken Tsugaru-shi
02210,平川市,Aomori-ken Hirakawa-shi
02301,平内町,Aomori-ken Hiranai-machi
02303,今別町,Aomori-ken Imabetsu-machi
02304,蓬田村,Aomori-ken Yomogita-mura
02307,外ヶ浜町,Aomori-ken Sotogahama-machi
02321,鰺ヶ沢町,Aomori-ken Ajigasawa-machi
02323,深浦町,Aomori-ken Fukaura-machi
02343,西目屋村,Aomori-ken Nishimeya-mura
02361,藤崎町,Aomori-ken Fujisaki-machi
02362,大鰐町,Aomori-ken Owani-machi
02367,田舎館村,Aomori-ken Inakadate-mura
02381,板柳町,Aomori-ken Itayanagi-machi
02384,鶴田町,Aomori-ken Tsuruta-machi
02387,中泊町,Aomori-ken Nakadomari-machi
02401,野辺地町,Aomori-ken Noheji-machi
02402,七戸町,Aomori-ken Shichinohe-machi
02405,六戸町,Aomori-ken Rokunohe-machi
02406,横浜町,Aomori-ken Yokohama-machi
02408,東北町,Aomori-ken Tohoku-machi
02411,六ヶ所村,Aomori-ken Rokkasho-mura
02412,おいらせ町,Aomori-ken Oirase-cho
02423,大間町,Aomori-ken Oma-machi
02424,東通村,Aomori-ken Higashidori-mura
02425,風間浦村,Aomori-ken Kazamaura-mura
02426,佐井村,Aomori-ken Sai-mura
02441,三戸町,Aomori-ken Sannohe-machi
02442,五戸町,Aomori-ken Gonohe-machi
02443,田子町,Aomori-ken Takko-machi
02445,南部町,Aomori-ken Nambu-cho
02446,階上町,Aomori-ken Hashikami-cho
02450,新郷村,Aomori-ken Shingo-mura
03201,盛岡市,Iwate-ken Morioka-shi
03202,宮古市,Iwate-ken Miyako-shi
03203,大船渡市,Iwate-ken Ofunato-shi
03205,花巻市,Iwate-ken Hanamaki-shi
03206,北上市,Iwate-ken Kitakami-shi
03207,久慈市,Iwate-ken Kuji-shi
03208,遠野市,Iwate-ken Tono-shi
03209,一関市,Iwate-ken Ichinoseki-shi
03210,陸前高田市,Iwate-ken Rikuzentakata-shi
03211,釜石市,Iwate-ken Kamaishi-shi
03213,二戸市,Iwate-ken Ninohe-shi
03214,八幡平市,Iwate-ken Hachimantai-shi
03215,奥州市,Iwate-ken Oshu-shi
03216,滝沢市,Iwate-ken Takizawashi
03301,雫石町,Iwate-ken Shizukuishi-cho
03302,葛巻町,Iwate-ken Kuzumaki-machi
03303,岩手町,Iwate-ken Iwate-machi
03321,紫波町,Iwate-ken Shiwa-cho
03322,矢巾町,Iwate-ken Yahaba-cho
03366,西和賀町,Iwate-ken Nishiwaga-machi
03381,金ケ崎町,Iwate-ken Kanegasaki-cho
03402,平泉町,Iwate-ken Hiraizumi-cho
03441,住田町,Iwate-ken Sumita-cho
03461,大槌町,Iwate-ken Otsuchi-cho
03482,山田町,Iwate-ken Yamada-machi
03483,岩泉町,Iwate-ken Iwaizumi-cho
03484,田野畑村,Iwate-ken Tanohata-mura
03485,普代村,Iwate-ken Fudai-mura
03501,軽米町,Iwate-ken Karumai-machi
03503,野田村,Iwate-ken Noda-mura
03506,九戸村,Iwate-ken Kunohe-mura
03507,洋野町,Iwate-ken Hirono-cho
03524,一戸町,Iwate-ken Ichinohe-machi
04100,仙台市,Miyagi-ken Sendai-shi
04202,石巻市,Miyagi-ken Ishinomaki-shi
04203,塩竈市,Miyagi-ken Shiogama-shi
04205,気仙沼市,Miyagi-ken Kesennuma-shi
04206,白石市,Miyagi-ken Shiroishi-shi
04207,名取市,Miyagi-ken Natori-shi
04208,角田市,Miyagi-ken Kakuda-shi
04209,多賀城市,Miyagi-ken Tagajo-shi
04211,岩沼市,Miyagi-ken Iwanuma-shi
04212,登米市,Miyagi-ken Tome-shi
04213,栗原市,Miyagi-ken Kurihara-shi
04214,東松島市,Miyagi-ken Higashimatsushima-shi
04215,大崎市,Miyagi-ken Osaki-shi
04301,蔵王町,Miyagi-ken Zao-machi
04302,七ヶ宿町,Miyagi-ken Shichikashuku-machi
04321,大河原町,Miyagi-ken Ogawara-machi
04322,村田町,Miyagi-ken Murata-machi
04323,柴田町,Miyagi-ken Shibata-machi
04324,川崎町,Miyagi-ken Kawasaki-machi
04341,丸森町,Miyagi-ken Marumori-machi
04361,亘理町,Miyagi-ken Watari-cho
04362,山元町,Miyagi-ken Yamamoto-cho
04401,松島町,Miyagi-ken Matsushima-machi
04404,七ヶ浜町,Miyagi-ken Shichigahama-machi
04406,利府町,Miyagi-ken Rifu-cho
04421,大和町,Miyagi-ken Taiwa-cho
04422,大郷町,Miyagi-ken Osato-cho
04423,富谷町,#N/A
04424,大衡村,Miyagi-ken Ohira-mura
04444,色麻町,Miyagi-ken Shikama-cho
04445,加美町,Miyagi-ken Kami-machi
04501,涌谷町,Miyagi-ken Wakuya-cho
04505,美里町,Miyagi-ken Misato-machi
04581,女川町,Miyagi-ken Onagawa-cho
04606,南三陸町,Miyagi-ken Minamisanriku-cho
05201,秋田市,Akita-ken Akita-shi
05202,能代市,Akita-ken Noshiro-shi
05203,横手市,Akita-ken Yokote-shi
05204,大館市,Akita-ken Odate-shi
05206,男鹿市,Akita-ken Oga-shi
05207,湯沢市,Akita-ken Yuzawa-shi
05209,鹿角市,Akita-ken Kazuno-shi
05210,由利本荘市,Akita-ken Yurihonjo-shi
05211,潟上市,Akita-ken Katagami-shi
05212,大仙市,Akita-ken Daisen-shi
05213,北秋田市,Akita-ken Kitaakita-shi
05214,にかほ市,Akita-ken Nikaho-shi
05215,仙北市,Akita-ken Semboku-shi
05303,小坂町,Akita-ken Kosaka-machi
05327,上小阿仁村,Akita-ken Kamikoani-mura
05346,藤里町,Akita-ken Fujisato-machi
05348,三種町,Akita-ken Mitane-cho
05349,八峰町,Akita-ken Happou-cho
05361,五城目町,Akita-ken Gojome-machi
05363,八郎潟町,Akita-ken Hachirogata-machi
05366,井川町,Akita-ken Ikawa-machi
05368,大潟村,Akita-ken Ogata-mura
05434,美郷町,Akita-ken Misato-cho
05463,羽後町,Akita-ken Ugo-machi
05464,東成瀬村,Akita-ken Higashinaruse-mura
06201,山形市,Yamagata-ken Yamagata-shi
06202,米沢市,Yamagata-ken Yonezawa-shi
06203,鶴岡市,Yamagata-ken Tsuruoka-shi
06204,酒田市,Yamagata-ken Sakata-shi
06205,新庄市,Yamagata-ken Shinjo-shi
06206,寒河江市,Yamagata-ken Sagae-shi
06207,上山市,Yamagata-ken Kaminoyama-shi
06208,村山市,Yamagata-ken Murayama-shi
06209,長井市,Yamagata-ken Nagai-shi
06210,天童市,Yamagata-ken Tendo-shi
06211,東根市,Yamagata-ken Higashine-shi
06212,尾花沢市,Yamagata-ken Obanazawa-shi
06213,南陽市,Yamagata-ken Nanyo-shi
06301,山辺町,Yamagata-ken Yamanobe-machi
06302,中山町,Yamagata-ken Nakayama-machi
06321,河北町,Yamagata-ken Kahoku-cho
06322,西川町,Yamagata-ken Nishikawa-machi
06323,朝日町,Yamagata-ken Asahi-machi
06324,大江町,Yamagata-ken Oe-machi
06341,大石田町,Yamagata-ken Oishida-machi
06361,金山町,Yamagata-ken Kaneyama-machi
06362,最上町,Yamagata-ken Mogami-machi
06363,舟形町,Yamagata-ken Funagata-machi
06364,真室川町,Yamagata-ken Mamurogawa-machi
06365,大蔵村,Yamagata-ken Okura-mura
06366,鮭川村,Yamagata-ken Sakegawa-mura
06367,戸沢村,Yamagata-ken Tozawa-mura
06381,高畠町,Yamagata-ken Takahata-machi
06382,川西町,Yamagata-ken Kawanishi-machi
06401,小国町,Yamagata-ken Oguni-machi
06402,白鷹町,Yamagata-ken Shirataka-machi
06403,飯豊町,Yamagata-ken Iide-machi
06426,三川町,Yamagata-ken Mikawa-machi
06428,庄内町,Yamagata-ken Shonai-machi
06461,遊佐町,Yamagata-ken Yuza-machi
07201,福島市,Fukushima-ken Fukushima-shi
07202,会津若松市,Fukushima-ken Aizuwakamatsu-shi
07203,郡山市,Fukushima-ken Koriyama-shi
07204,いわき市,Fukushima-ken Iwaki-shi
07205,白河市,Fukushima-ken Shirakawa-shi
07207,須賀川市,Fukushima-ken Sukagawa-shi
07208,喜多方市,Fukushima-ken Kitakata-shi
07209,相馬市,Fukushima-ken Soma-shi
07210,二本松市,Fukushima-ken Nihonmatsu-shi
07211,田村市,Fukushima-ken Tamura-shi
07212,南相馬市,Fukushima-ken Minamisoma-shi
07213,伊達市,Fukushima-ken Date-shi
07214,本宮市,Fukushima-ken Motomiya-shi
07301,桑折町,Fukushima-ken Kori-machi
07303,国見町,Fukushima-ken Kunimi-machi
07308,川俣町,Fukushima-ken Kawamata-machi
07322,大玉村,Fukushima-ken Otama-mura
07342,鏡石町,Fukushima-ken Kagamiishi-machi
07344,天栄村,Fukushima-ken Tenei-mura
07362,下郷町,Fukushima-ken Shimogo-machi
07364,檜枝岐村,Fukushima-ken Hinoemata-mura
07367,只見町,Fukushima-ken Tadami-machi
07368,南会津町,Fukushima-ken Minamiaizu-machi
07402,北塩原村,Fukushima-ken Kitashiobara-mura
07405,西会津町,Fukushima-ken Nishiaizu-machi
07407,磐梯町,Fukushima-ken Bandai-machi
07408,猪苗代町,Fukushima-ken Inawashiro-machi
07421,会津坂下町,Fukushima-ken Aizubange-machi
07422,湯川村,Fukushima-ken Yugawa-mura
07423,柳津町,Fukushima-ken Yanaizu-machi
07444,三島町,Fukushima-ken Mishima-machi
07445,金山町,Fukushima-ken Kaneyama-machi
07446,昭和村,Fukushima-ken Showa-mura
07447,会津美里町,Fukushima-ken Aizumisato-machi
07461,西郷村,Fukushima-ken Nishigo-mura
07464,泉崎村,Fukushima-ken Izumizaki-mura
07465,中島村,Fukushima-ken Nakajima-mura
07466,矢吹町,Fukushima-ken Yabuki-machi
07481,棚倉町,Fukushima-ken Tanagura-machi
07482,矢祭町,Fukushima-ken Yamatsuri-machi
07483,塙町,Fukushima-ken Hanawa-machi
07484,鮫川村,Fukushima-ken Samegawa-mura
07501,石川町,Fukushima-ken Ishikawa-machi
07502,玉川村,Fukushima-ken Tamakawa-mura
07503,平田村,Fukushima-ken Hirata-mura
07504,浅川町,Fukushima-ken Asakawa-machi
07505,古殿町,Fukushima-ken Furudono-machi
07521,三春町,Fukushima-ken Miharu-machi
07522,小野町,Fukushima-ken Ono-machi
07541,広野町,Fukushima-ken Hirono-machi
07542,楢葉町,Fukushima-ken Naraha-machi
07543,富岡町,Fukushima-ken Tomioka-machi
07544,川内村,Fukushima-ken Kawauchi-mura
07545,大熊町,Fukushima-ken Okuma-machi
07546,双葉町,Fukushima-ken Futaba-machi
07547,浪江町,Fukushima-ken Namie-machi
07548,葛尾村,Fukushima-ken Katsurao-mura
07561,新地町,Fukushima-ken Shinchi-machi
07564,飯舘村,Fukushima-ken Iitate-mura
08201,水戸市,Ibaraki-ken Mito-shi
08202,日立市,Ibaraki-ken Hitachi-shi
08203,土浦市,Ibaraki-ken Tsuchiura-shi
08204,古河市,Ibaraki-ken Koga-shi
08205,石岡市,Ibaraki-ken Ishioka-shi
08207,結城市,Ibaraki-ken Yuki-shi
08208,龍ケ崎市,Ibaraki-ken Ryugasaki-shi
08210,下妻市,Ibaraki-ken Shimotsuma-shi
08211,常総市,Ibaraki-ken Joso-shi
08212,常陸太田市,Ibaraki-ken Hitachiota-shi
08214,高萩市,Ibaraki-ken Takahagi-shi
08215,北茨城市,Ibaraki-ken Kitaibaraki-shi
08216,笠間市,Ibaraki-ken Kasama-shi
08217,取手市,Ibaraki-ken Toride-shi
08219,牛久市,Ibaraki-ken Ushiku-shi
08220,つくば市,Ibaraki-ken Tsukuba-shi
08221,ひたちなか市,Ibaraki-ken Hitachinaka-shi
08222,鹿嶋市,Ibaraki-ken Kashima-shi
08223,潮来市,Ibaraki-ken Itako-shi
08224,守谷市,Ibaraki-ken Moriya-shi
08225,常陸大宮市,Ibaraki-ken Hitachiomiya-shi
08226,那珂市,Ibaraki-ken Naka-shi
08227,筑西市,Ibaraki-ken Chikusei-shi
08228,坂東市,Ibaraki-ken Bando-shi
08229,稲敷市,Ibaraki-ken Inashiki-shi
08230,かすみがうら市,Ibaraki-ken Kasumigaura-shi
08231,桜川市,Ibaraki-ken Sakuragawa-shi
08232,神栖市,Ibaraki-ken Kamisu-shi
08233,行方市,Ibaraki-ken Namegata-shi
08234,鉾田市,Ibaraki-ken Hokota-shi
08235,つくばみらい市,Ibaraki-ken Tsukubamirai-shi
08236,小美玉市,Ibaraki-ken Omitama-shi
08302,茨城町,Ibaraki-ken Ibaraki-machi
08309,大洗町,Ibaraki-ken Oarai-machi
08310,城里町,Ibaraki-ken Shirosato-machi
08341,東海村,Ibaraki-ken Tokai-mura
08364,大子町,Ibaraki-ken Daigo-machi
08442,美浦村,Ibaraki-ken Miho-mura
08443,阿見町,Ibaraki-ken Ami-machi
08447,河内町,Ibaraki-ken Kawachi-machi
08521,八千代町,Ibaraki-ken Yachiyo-machi
08542,五霞町,Ibaraki-ken Goka-machi
08546,境町,Ibaraki-ken Sakai-machi
08564,利根町,Ibaraki-ken Tone-machi
09201,宇都宮市,Tochigi-ken Utsunomiya-shi
09202,足利市,Tochigi-ken Ashikaga-shi
09203,栃木市,Tochigi-ken Tochigi-shi
09204,佐野市,Tochigi-ken Sano-shi
09205,鹿沼市,Tochigi-ken Kanuma-shi
09206,日光市,Tochigi-ken Nikko-shi
09208,小山市,Tochigi-ken Oyama-shi
09209,真岡市,Tochigi-ken Moka-shi
09210,大田原市,Tochigi-ken Ohtawara-shi
09211,矢板市,Tochigi-ken Yaita-shi
09213,那須塩原市,Tochigi-ken Nasushiobara-shi
09214,さくら市,Tochigi-ken Sakura-shi
09215,那須烏山市,Tochigi-ken Nasukarasuyama-shi
09216,下野市,Tochigi-ken Shimotsuke-shi
09301,上三川町,Tochigi-ken Kaminokawa-machi
09342,益子町,Tochigi-ken Mashiko-machi
09343,茂木町,Tochigi-ken Motegi-machi
09344,市貝町,Tochigi-ken Ichikai-machi
09345,芳賀町,Tochigi-ken Haga-machi
09361,壬生町,Tochigi-ken Mibu-machi
09364,野木町,Tochigi-ken Nogi-machi
09384,塩谷町,Tochigi-ken Shioya-machi
09386,高根沢町,Tochigi-ken Takanezawa-machi
09407,那須町,Tochigi-ken Nasu-machi
09411,那珂川町,Tochigi-ken Nakagawa-machi
10201,前橋市,Gumma-ken Maebashi-shi
10202,高崎市,Gumma-ken Takasaki-shi
10203,桐生市,Gumma-ken Kiryu-shi
10204,伊勢崎市,Gumma-ken Isesaki-shi
10205,太田市,Gumma-ken Ota-shi
10206,沼田市,Gumma-ken Numata-shi
10207,館林市,Gumma-ken Tatebayashi-shi
10208,渋川市,Gumma-ken Shibukawa-shi
10209,藤岡市,Gumma-ken Fujioka-shi
10210,富岡市,Gumma-ken Tomioka-shi
10211,安中市,Gumma-ken Annaka-shi
10212,みどり市,Gumma-ken Midori-shi
10344,榛東村,Gumma-ken Shinto-mura
10345,吉岡町,Gumma-ken Yoshioka-machi
10366,上野村,Gumma-ken Ueno-mura
10367,神流町,Gumma-ken Kanna-machi
10382,下仁田町,Gumma-ken Shimonita-machi
10383,南牧村,Gumma-ken Nammoku-mura
10384,甘楽町,Gumma-ken Kanra-machi
10421,中之条町,Gumma-ken Nakanojo-machi
10424,長野原町,Gumma-ken Naganohara-machi
10425,嬬恋村,Gumma-ken Tsumagoi-mura
10426,草津町,Gumma-ken Kusatsu-machi
10428,高山村,Gumma-ken Takayama-mura
10429,東吾妻町,Gumma-ken Higashiagatsuma-machi
10443,片品村,Gumma-ken Katashina-mura
10444,川場村,Gumma-ken Kawaba-mura
10448,昭和村,Gumma-ken Showa-mura
10449,みなかみ町,Gumma-ken Minakami-machi
10464,玉村町,Gumma-ken Tamamura-machi
10521,板倉町,Gumma-ken Itakura-machi
10522,明和町,Gumma-ken Meiwa-machi
10523,千代田町,Gumma-ken Chiyoda-machi
10524,大泉町,Gumma-ken Oizumi-machi
10525,邑楽町,Gumma-ken Ora-machi
11100,さいたま市,Saitama-ken Saitama-shi
11201,川越市,Saitama-ken Kawagoe-shi
11202,熊谷市,Saitama-ken Kumagaya-shi
11203,川口市,Saitama-ken Kawaguchi-shi
11206,行田市,Saitama-ken Gyoda-shi
11207,秩父市,Saitama-ken Chichibu-shi
11208,所沢市,Saitama-ken Tokorozawa-shi
11209,飯能市,Saitama-ken Hanno-shi
11210,加須市,Saitama-ken Kazo-shi
11211,本庄市,Saitama-ken Honjo-shi
11212,東松山市,Saitama-ken Higashimatsuyama-shi
11214,春日部市,Saitama-ken Kasukabe-shi
11215,狭山市,Saitama-ken Sayama-shi
11216,羽生市,Saitama-ken Hanyu-shi
11217,鴻巣市,Saitama-ken Konosu-shi
11218,深谷市,Saitama-ken Fukaya-shi
11219,上尾市,Saitama-ken Ageo-shi
11221,草加市,Saitama-ken Soka-shi
11222,越谷市,Saitama-ken Koshigaya-shi
11223,蕨市,Saitama-ken Warabi-shi
11224,戸田市,Saitama-ken Toda-shi
11225,入間市,Saitama-ken Iruma-shi
11227,朝霞市,Saitama-ken Asaka-shi
11228,志木市,Saitama-ken Shiki-shi
11229,和光市,Saitama-ken Wako-shi
11230,新座市,Saitama-ken Niiza-shi
11231,桶川市,Saitama-ken Okegawa-shi
11232,久喜市,Saitama-ken Kuki-shi
11233,北本市,Saitama-ken Kitamoto-shi
11234,八潮市,Saitama-ken Yashio-shi
11235,富士見市,Saitama-ken Fujimi-shi
11237,三郷市,Saitama-ken Misato-shi
11238,蓮田市,Saitama-ken Hasuda-shi
11239,坂戸市,Saitama-ken Sakado-shi
11240,幸手市,Saitama-ken Satte-shi
11241,鶴ヶ島市,Saitama-ken Tsurugashima-shi
11242,日高市,Saitama-ken Hidaka-shi
11243,吉川市,Saitama-ken Yoshikawa-shi
11245,ふじみ野市,Saitama-ken Fujimino-shi
11246,白岡市,Saitama-ken Shiraoka-shi
11301,伊奈町,Saitama-ken Ina-machi
11324,三芳町,Saitama-ken Miyoshi-machi
11326,毛呂山町,Saitama-ken Moroyama-machi
11327,越生町,Saitama-ken Ogose-machi
11341,滑川町,Saitama-ken Namegawa-machi
11342,嵐山町,Saitama-ken Ranzan-machi
11343,小川町,Saitama-ken Ogawa-machi
11346,川島町,Saitama-ken Kawajima-machi
11347,吉見町,Saitama-ken Yoshimi-machi
11348,鳩山町,Saitama-ken Hatoyama-machi
11349,ときがわ町,Saitama-ken Tokigawa-machi
11361,横瀬町,Saitama-ken Yokoze-machi
11362,皆野町,Saitama-ken Minano-machi
11363,長瀞町,Saitama-ken Nagatoro-machi
11365,小鹿野町,Saitama-ken Ogano-machi
11369,東秩父村,Saitama-ken Higashichichibu-mura
11381,美里町,Saitama-ken Misato-machi
11383,神川町,Saitama-ken Kamikawa-machi
11385,上里町,Saitama-ken Kamisato-machi
11408,寄居町,Saitama-ken Yorii-machi
11442,宮代町,Saitama-ken Miyashiro-machi
11464,杉戸町,Saitama-ken Sugito-machi
11465,松伏町,Saitama-ken Matsubushi-machi
12100,千葉市,Chiba-ken Chiba-shi
12202,銚子市,Chiba-ken Choshi-shi
12203,市川市,Chiba-ken Ichikawa-shi
12204,船橋市,Chiba-ken Funabashi-shi
12205,館山市,Chiba-ken Tateyama-shi
12206,木更津市,Chiba-ken Kisarazu-shi
12207,松戸市,Chiba-ken Matsudo-shi
12208,野田市,Chiba-ken Noda-shi
12210,茂原市,Chiba-ken Mobara-shi
12211,成田市,Chiba-ken Narita-shi
12212,佐倉市,Chiba-ken Sakura-shi
12213,東金市,Chiba-ken Togane-shi
12215,旭市,Chiba-ken Asahi-shi
12216,習志野市,Chiba-ken Narashino-shi
12217,柏市,Chiba-ken Kashiwa-shi
12218,勝浦市,Chiba-ken Katsuura-shi
12219,市原市,Chiba-ken Ichihara-shi
12220,流山市,Chiba-ken Nagareyama-shi
12221,八千代市,Chiba-ken Yachiyo-shi
12222,我孫子市,Chiba-ken Abiko-shi
12223,鴨川市,Chiba-ken Kamogawa-shi
12224,鎌ケ谷市,Chiba-ken Kamagaya-shi
12225,君津市,Chiba-ken Kimitsu-shi
12226,富津市,Chiba-ken Futtsu-shi
12227,浦安市,Chiba-ken Urayasu-shi
12228,四街道市,Chiba-ken Yotsukaido-shi
12229,袖ケ浦市,Chiba-ken Sodegaura-shi
12230,八街市,Chiba-ken Yachimata-shi
12231,印西市,Chiba-ken Inzai-shi
12232,白井市,Chiba-ken Shiroi-shi
12233,富里市,Chiba-ken Tomisato-shi
12234,南房総市,Chiba-ken Minamiboso-shi
12235,匝瑳市,Chiba-ken Sosa-shi
12236,香取市,Chiba-ken Katori-shi
12237,山武市,Chiba-ken Sammu-shi
12238,いすみ市,Chiba-ken Isumi-shi
12239,大網白里市,Chiba-ken Oamishirasato-shi
12322,酒々井町,Chiba-ken Shisui-machi
12329,栄町,Chiba-ken Sakae-machi
12342,神崎町,Chiba-ken Kozaki-machi
12347,多古町,Chiba-ken Tako-machi
12349,東庄町,Chiba-ken Tonosho-machi
12403,九十九里町,Chiba-ken Kujukuri-machi
12409,芝山町,Chiba-ken Shibayama-machi
12410,横芝光町,Chiba-ken Yokoshibahikari-machi
12421,一宮町,Chiba-ken Ichinomiya-machi
12422,睦沢町,Chiba-ken Mutsuzawa-machi
12423,長生村,Chiba-ken Chosei-mura
12424,白子町,Chiba-ken Shirako-machi
12426,長柄町,Chiba-ken Nagara-machi
12427,長南町,Chiba-ken Chonan-machi
12441,大多喜町,Chiba-ken Otaki-machi
12443,御宿町,Chiba-ken Onjuku-machi
12463,鋸南町,Chiba-ken Kyonan-machi
13101,千代田区,Tokyo-to Chiyoda-ku
13102,中央区,Tokyo-to Chuo-ku
13103,港区,Tokyo-to Minato-ku
13104,新宿区,Tokyo-to Shinjuku-ku
13105,文京区,Tokyo-to Bunkyo-ku
13106,台東区,Tokyo-to Taito-ku
13107,墨田区,Tokyo-to Sumida-ku
13108,江東区,Tokyo-to Koto-ku
13109,品川区,Tokyo-to Shinagawa-ku
13110,目黒区,Tokyo-to Meguro-ku
13111,大田区,Tokyo-to Ota-ku
13112,世田谷区,Tokyo-to Setagaya-ku
13113,渋谷区,Tokyo-to Shibuya-ku
13114,中野区,Tokyo-to Nakano-ku
13115,杉並区,Tokyo-to Suginami-ku
13116,豊島区,Tokyo-to Toshima-ku
13117,北区,Tokyo-to Kita-ku
13118,荒川区,Tokyo-to Arakawa-ku
13119,板橋区,Tokyo-to Itabashi-ku
13120,練馬区,Tokyo-to Nerima-ku
13121,足立区,Tokyo-to Adachi-ku
13122,葛飾区,Tokyo-to Katsushika-ku
13123,江戸川区,Tokyo-to Edogawa-ku
13201,八王子市,Tokyo-to Hachioji-shi
13202,立川市,Tokyo-to Tachikawa-shi
13203,武蔵野市,Tokyo-to Musashino-shi
13204,三鷹市,Tokyo-to Mitaka-shi
13205,青梅市,Tokyo-to Ome-shi
13206,府中市,Tokyo-to Fuchu-shi
13207,昭島市,Tokyo-to Akishima-shi
13208,調布市,Tokyo-to Chofu-shi
13209,町田市,Tokyo-to Machida-shi
13210,小金井市,Tokyo-to Koganei-shi
13211,小平市,Tokyo-to Kodaira-shi
13212,日野市,Tokyo-to Hino-shi
13213,東村山市,Tokyo-to Higashimurayama-shi
13214,国分寺市,Tokyo-to Kokubunji-shi
13215,国立市,Tokyo-to Kunitachi-shi
13218,福生市,Tokyo-to Fussa-shi
13219,狛江市,Tokyo-to Komae-shi
13220,東大和市,Tokyo-to Higashiyamato-shi
13221,清瀬市,Tokyo-to Kiyose-shi
13222,東久留米市,Tokyo-to Higashikurume-shi
13223,武蔵村山市,Tokyo-to Musashimurayama-shi
13224,多摩市,Tokyo-to Tama-shi
13225,稲城市,Tokyo-to Inagi-shi
13227,羽村市,Tokyo-to Hamura-shi
13228,あきる野市,Tokyo-to Akiruno-shi
13229,西東京市,Tokyo-to Nishitokyo-shi
13303,瑞穂町,Tokyo-to Mizuho-machi
13305,日の出町,Tokyo-to Hinode-machi
13307,檜原村,Tokyo-to Hinohara-mura
13308,奥多摩町,Tokyo-to Okutama-machi
13361,大島町,Tokyo-to Oshima-machi
13362,利島村,Tokyo-to Toshima-mura
13363,新島村,Tokyo-to Niijima-mura
13364,神津島村,Tokyo-to Kouzushima-mura
13381,三宅村,Tokyo-to Miyake-mura
13382,御蔵島村,Tokyo-to Mikurajima-mura
13401,八丈町,Tokyo-to Hachijo-machi
13402,青ヶ島村,Tokyo-to Aogashima-mura
13421,小笠原村,Tokyo-to Ogasawara-mura
14100,横浜市,Kanagawa-ken Yokohama-shi
14130,川崎市,Kanagawa-ken Kawasaki-shi
14150,相模原市,Kanagawa-ken Sagamihara-shi
14201,横須賀市,Kanagawa-ken Yokosuka-shi
14203,平塚市,Kanagawa-ken Hiratsuka-shi
14204,鎌倉市,Kanagawa-ken Kamakura-shi
14205,藤沢市,Kanagawa-ken Fujisawa-shi
14206,小田原市,Kanagawa-ken Odawara-shi
14207,茅ヶ崎市,Kanagawa-ken Chigasaki-shi
14208,逗子市,Kanagawa-ken Zushi-shi
14210,三浦市,Kanagawa-ken Miura-shi
14211,秦野市,Kanagawa-ken Hadano-shi
14212,厚木市,Kanagawa-ken Atsugi-shi
14213,大和市,Kanagawa-ken Yamato-shi
14214,伊勢原市,Kanagawa-ken Isehara-shi
14215,海老名市,Kanagawa-ken Ebina-shi
14216,座間市,Kanagawa-ken Zama-shi
14217,南足柄市,Kanagawa-ken Minamiashigara-shi
14218,綾瀬市,Kanagawa-ken Ayase-shi
14301,葉山町,Kanagawa-ken Hayama-machi
14321,寒川町,Kanagawa-ken Samukawa-machi
14341,大磯町,Kanagawa-ken Oiso-machi
14342,二宮町,Kanagawa-ken Ninomiya-machi
14361,中井町,Kanagawa-ken Nakai-machi
14362,大井町,Kanagawa-ken Oi-machi
14363,松田町,Kanagawa-ken Matsuda-machi
14364,山北町,Kanagawa-ken Yamakita-machi
14366,開成町,Kanagawa-ken Kaisei-machi
14382,箱根町,Kanagawa-ken Hakone-machi
14383,真鶴町,Kanagawa-ken Manazuru-machi
14384,湯河原町,Kanagawa-ken Yugawara-machi
14401,愛川町,Kanagawa-ken Aikawa-machi
14402,清川村,Kanagawa-ken Kiyokawa-mura
15100,新潟市,Niigata-ken Niigata-shi
15202,長岡市,Niigata-ken Nagaoka-shi
15204,三条市,Niigata-ken Sanjo-shi
15205,柏崎市,Niigata-ken Kashiwazaki-shi
15206,新発田市,Niigata-ken Shibata-shi
15208,小千谷市,Niigata-ken Ojiya-shi
15209,加茂市,Niigata-ken Kamo-shi
15210,十日町市,Niigata-ken Tokamachi-shi
15211,見附市,Niigata-ken Mitsuke-shi
15212,村上市,Niigata-ken Murakami-shi
15213,燕市,Niigata-ken Tsubame-shi
15216,糸魚川市,Niigata-ken Itoigawa-shi
15217,妙高市,Niigata-ken Myoko-shi
15218,五泉市,Niigata-ken Gosen-shi
15222,上越市,Niigata-ken Joetsu-shi
15223,阿賀野市,Niigata-ken Agano-shi
15224,佐渡市,Niigata-ken Sado-shi
15225,魚沼市,Niigata-ken Uonuma-shi
15226,南魚沼市,Niigata-ken Minamiuonuma-shi
15227,胎内市,Niigata-ken Tainai-shi
15307,聖籠町,Niigata-ken Seiro-machi
15342,弥彦村,Niigata-ken Yahiko-mura
15361,田上町,Niigata-ken Tagami-machi
15385,阿賀町,Niigata-ken Aga-machi
15405,出雲崎町,Niigata-ken Izumozaki-machi
15461,湯沢町,Niigata-ken Yuzawa-machi
15482,津南町,Niigata-ken Tsunan-machi
15504,刈羽村,Niigata-ken Kariwa-mura
15581,関川村,Niigata-ken Sekikawa-mura
15586,粟島浦村,Niigata-ken Awashimaura-mura
16201,富山市,Toyama-ken Toyama-shi
16202,高岡市,Toyama-ken Takaoka-shi
16204,魚津市,Toyama-ken Uozu-shi
16205,氷見市,Toyama-ken Himi-shi
16206,滑川市,Toyama-ken Namerikawa-shi
16207,黒部市,Toyama-ken Kurobe-shi
16208,砺波市,Toyama-ken Tonami-shi
16209,小矢部市,Toyama-ken Oyabe-shi
16210,南砺市,Toyama-ken Nanto-shi
16211,射水市,Toyama-ken Imizu-shi
16321,舟橋村,Toyama-ken Funahashi-mura
16322,上市町,Toyama-ken Kamiichi-machi
16323,立山町,Toyama-ken Tateyama-machi
16342,入善町,Toyama-ken Nyuzen-machi
16343,朝日町,Toyama-ken Asahi-machi
17201,金沢市,Ishikawa-ken Kanazawa-shi
17202,七尾市,Ishikawa-ken Nanao-shi
17203,小松市,Ishikawa-ken Komatsu-shi
17204,輪島市,Ishikawa-ken Wajima-shi
17205,珠洲市,Ishikawa-ken Suzu-shi
17206,加賀市,Ishikawa-ken Kaga-shi
17207,羽咋市,Ishikawa-ken Hakui-shi
17209,かほく市,Ishikawa-ken Kahoku-shi
17210,白山市,Ishikawa-ken Hakusan-shi
17211,能美市,Ishikawa-ken Nomi-shi
17212,野々市市,Ishikawa-ken Nonoichi-shi
17324,川北町,Ishikawa-ken Kawakita-machi
17361,津幡町,Ishikawa-ken Tsubata-machi
17365,内灘町,Ishikawa-ken Uchinada-machi
17384,志賀町,Ishikawa-ken Shika-machi
17386,宝達志水町,Ishikawa-ken Hodatsushimizu-cho
17407,中能登町,Ishikawa-ken Nakanoto-machi
17461,穴水町,Ishikawa-ken Anamizu-machi
17463,能登町,Ishikawa-ken Noto-cho
18201,福井市,Fukui-ken Fukui-shi
18202,敦賀市,Fukui-ken Tsuruga-shi
18204,小浜市,Fukui-ken Obama-shi
18205,大野市,Fukui-ken Ono-shi
18206,勝山市,Fukui-ken Katsuyama-shi
18207,鯖江市,Fukui-ken Sabae-shi
18208,あわら市,Fukui-ken Awara-shi
18209,越前市,Fukui-ken Echizen-shi
18210,坂井市,Fukui-ken Sakai-shi
18322,永平寺町,Fukui-ken Eiheiji-cho
18382,池田町,Fukui-ken Ikeda-cho
18404,南越前町,Fukui-ken Minamiechizen-cho
18423,越前町,Fukui-ken Echizen-cho
18442,美浜町,Fukui-ken Mihama-cho
18481,高浜町,Fukui-ken Takahama-cho
18483,おおい町,Fukui-ken Ohi-cho
18501,若狭町,Fukui-ken Wakasa-cho
19201,甲府市,Yamanashi-ken Kofu-shi
19202,富士吉田市,Yamanashi-ken Fujiyoshida-shi
19204,都留市,Yamanashi-ken Tsuru-shi
19205,山梨市,Yamanashi-ken Yamanashi-shi
19206,大月市,Yamanashi-ken Otsuki-shi
19207,韮崎市,Yamanashi-ken Nirasaki-shi
19208,南アルプス市,Yamanashi-ken Minamiarupusu-shi
19209,北杜市,Yamanashi-ken Hokuto-shi
19210,甲斐市,Yamanashi-ken Kai-shi
19211,笛吹市,Yamanashi-ken Fuefuki-shi
19212,上野原市,Yamanashi-ken Uenohara-shi
19213,甲州市,Yamanashi-ken Koshu-shi
19214,中央市,Yamanashi-ken Chuo-shi
19346,市川三郷町,Yamanashi-ken Ichikawamisato-cho
19364,早川町,Yamanashi-ken Hayakawa-cho
19365,身延町,Yamanashi-ken Minobu-cho
19366,南部町,Yamanashi-ken Nambu-cho
19368,富士川町,Yamanashi-ken Fujikawa-cho
19384,昭和町,Yamanashi-ken Showa-cho
19422,道志村,Yamanashi-ken Doshi-mura
19423,西桂町,Yamanashi-ken Nishikatsura-cho
19424,忍野村,Yamanashi-ken Oshino-mura
19425,山中湖村,Yamanashi-ken Yamanakako-mura
19429,鳴沢村,Yamanashi-ken Narusawa-mura
19430,富士河口湖町,Yamanashi-ken Fujikawaguchiko-machi
19442,小菅村,Yamanashi-ken Kosuge-mura
19443,丹波山村,Yamanashi-ken Tabayama-mura
20201,長野市,Nagano-ken Nagano-shi
20202,松本市,Nagano-ken Matsumoto-shi
20203,上田市,Nagano-ken Ueda-shi
20204,岡谷市,Nagano-ken Okaya-shi
20205,飯田市,Nagano-ken Iida-shi
20206,諏訪市,Nagano-ken Suwa-shi
20207,須坂市,Nagano-ken Suzaka-shi
20208,小諸市,Nagano-ken Komoro-shi
20209,伊那市,Nagano-ken Ina-shi
20210,駒ヶ根市,Nagano-ken Komagane-shi
20211,中野市,Nagano-ken Nakano-shi
20212,大町市,Nagano-ken Omachi-shi
20213,飯山市,Nagano-ken Iiyama-shi
20214,茅野市,Nagano-ken Chino-shi
20215,塩尻市,Nagano-ken Shiojiri-shi
20217,佐久市,Nagano-ken Saku-shi
20218,千曲市,Nagano-ken Chikuma-shi
20219,東御市,Nagano-ken Tomi-shi
20220,安曇野市,Nagano-ken Azumino-shi
20303,小海町,Nagano-ken Koumi-machi
20304,川上村,Nagano-ken Kawakami-mura
20305,南牧村,Nagano-ken Minamimaki-mura
20306,南相木村,Nagano-ken Minamiaiki-mura
20307,北相木村,Nagano-ken Kitaaiki-mura
20309,佐久穂町,Nagano-ken Sakuho-machi
20321,軽井沢町,Nagano-ken Karuizawa-machi
20323,御代田町,Nagano-ken Miyota-machi
20324,立科町,Nagano-ken Tateshina-machi
20349,青木村,Nagano-ken Aoki-mura
20350,長和町,Nagano-ken Nagawa-machi
20361,下諏訪町,Nagano-ken Shimosuwa-machi
20362,富士見町,Nagano-ken Fujimi-machi
20363,原村,Nagano-ken Hara-mura
20382,辰野町,Nagano-ken Tatsuno-machi
20383,箕輪町,Nagano-ken Minowa-machi
20384,飯島町,Nagano-ken Iijima-machi
20385,南箕輪村,Nagano-ken Minamiminowa-mura
20386,中川村,Nagano-ken Nakagawa-mura
20388,宮田村,Nagano-ken Miyada-mura
20402,松川町,Nagano-ken Matsukawa-machi
20403,高森町,Nagano-ken Takamori-machi
20404,阿南町,Nagano-ken Anan-cho
20407,阿智村,Nagano-ken Achi-mura
20409,平谷村,Nagano-ken Hiraya-mura
20410,根羽村,Nagano-ken Neba-mura
20411,下條村,Nagano-ken Shimojo-mura
20412,売木村,Nagano-ken Urugi-mura
20413,天龍村,Nagano-ken Tenryu-mura
20414,泰阜村,Nagano-ken Yasuoka-mura
20415,喬木村,Nagano-ken Takagi-mura
20416,豊丘村,Nagano-ken Toyooka-mura
20417,大鹿村,Nagano-ken Oshika-mura
20422,上松町,Nagano-ken Agematsu-machi
20423,南木曽町,Nagano-ken Nagiso-machi
20425,木祖村,Nagano-ken Kiso-mura
20429,王滝村,Nagano-ken Otaki-mura
20430,大桑村,Nagano-ken Okuwa-mura
20432,木曽町,Nagano-ken Kiso-machi
20446,麻績村,Nagano-ken Omi-mura
20448,生坂村,Nagano-ken Ikusaka-mura
20450,山形村,Nagano-ken Yamagata-mura
20451,朝日村,Nagano-ken Asahi-mura
20452,筑北村,Nagano-ken Chikuhoku-mura
20481,池田町,Nagano-ken Ikeda-machi
20482,松川村,Nagano-ken Matsukawa-mura
20485,白馬村,Nagano-ken Hakuba-mura
20486,小谷村,Nagano-ken Otari-mura
20521,坂城町,Nagano-ken Sakaki-machi
20541,小布施町,Nagano-ken Obuse-machi
20543,高山村,Nagano-ken Takayama-mura
20561,山ノ内町,Nagano-ken Yamanouchi-machi
20562,木島平村,Nagano-ken Kijimadaira-mura
20563,野沢温泉村,Nagano-ken Nozawaonsen-mura
20583,信濃町,Nagano-ken Shinano-machi
20588,小川村,Nagano-ken Ogawa-mura
20590,飯綱町,Nagano-ken Iizuna-machi
20602,栄村,Nagano-ken Sakae-mura
21201,岐阜市,Gifu-ken Gifu-shi
21202,大垣市,Gifu-ken Ogaki-shi
21203,高山市,Gifu-ken Takayama-shi
21204,多治見市,Gifu-ken Tajimi-shi
21205,関市,Gifu-ken Seki-shi
21206,中津川市,Gifu-ken Nakatsugawa-shi
21207,美濃市,Gifu-ken Mino-shi
21208,瑞浪市,Gifu-ken Mizunami-shi
21209,羽島市,Gifu-ken Hashima-shi
21210,恵那市,Gifu-ken Ena-shi
21211,美濃加茂市,Gifu-ken Minokamo-shi
21212,土岐市,Gifu-ken Toki-shi
21213,各務原市,Gifu-ken Kakamigahara-shi
21214,可児市,Gifu-ken Kani-shi
21215,山県市,Gifu-ken Yamagata-shi
21216,瑞穂市,Gifu-ken Mizuho-shi
21217,飛騨市,Gifu-ken Hida-shi
21218,本巣市,Gifu-ken Motosu-shi
21219,郡上市,Gifu-ken Gujo-shi
21220,下呂市,Gifu-ken Gero-shi
21221,海津市,Gifu-ken Kaizu-shi
21302,岐南町,Gifu-ken Ginan-cho
21303,笠松町,Gifu-ken Kasamatsu-cho
21341,養老町,Gifu-ken Yoro-cho
21361,垂井町,Gifu-ken Tarui-cho
21362,関ケ原町,Gifu-ken Sekigahara-cho
21381,神戸町,Gifu-ken Godo-cho
21382,輪之内町,Gifu-ken Wanouchi-cho
21383,安八町,Gifu-ken Anpachi-cho
21401,揖斐川町,Gifu-ken Ibigawa-cho
21403,大野町,Gifu-ken Ono-cho
21404,池田町,Gifu-ken Ikeda-cho
21421,北方町,Gifu-ken Kitagata-cho
21501,坂祝町,Gifu-ken Sakahogi-cho
21502,富加町,Gifu-ken Tomika-cho
21503,川辺町,Gifu-ken Kawabe-cho
21504,七宗町,Gifu-ken Hichiso-cho
21505,八百津町,Gifu-ken Yaotsu-cho
21506,白川町,Gifu-ken Shirakawa-cho
21507,東白川村,Gifu-ken Higashishirakawa-mura
21521,御嵩町,Gifu-ken Mitake-cho
21604,白川村,Gifu-ken Shirakawa-mura
22100,静岡市,Shizuoka-ken Shizuoka-shi
22130,浜松市,Shizuoka-ken Hamamatsu-shi
22203,沼津市,Shizuoka-ken Numazu-shi
22205,熱海市,Shizuoka-ken Atami-shi
22206,三島市,Shizuoka-ken Mishima-shi
22207,富士宮市,Shizuoka-ken Fujinomiya-shi
22208,伊東市,Shizuoka-ken Ito-shi
22209,島田市,Shizuoka-ken Shimada-shi
22210,富士市,Shizuoka-ken Fuji-shi
22211,磐田市,Shizuoka-ken Iwata-shi
22212,焼津市,Shizuoka-ken Yaizu-shi
22213,掛川市,Shizuoka-ken Kakegawa-shi
22214,藤枝市,Shizuoka-ken Fujieda-shi
22215,御殿場市,Shizuoka-ken Gotemba-shi
22216,袋井市,Shizuoka-ken Fukuroi-shi
22219,下田市,Shizuoka-ken Shimoda-shi
22220,裾野市,Shizuoka-ken Susono-shi
22221,湖西市,Shizuoka-ken Kosai-shi
22222,伊豆市,Shizuoka-ken Izu-shi
22223,御前崎市,Shizuoka-ken Omaezaki-shi
22224,菊川市,Shizuoka-ken Kikugawa-shi
22225,伊豆の国市,Shizuoka-ken Izunokuni-shi
22226,牧之原市,Shizuoka-ken Makinohara-shi
22301,東伊豆町,Shizuoka-ken Higashiizu-cho
22302,河津町,Shizuoka-ken Kawazu-cho
22304,南伊豆町,Shizuoka-ken Minamiizu-cho
22305,松崎町,Shizuoka-ken Matsuzaki-cho
22306,西伊豆町,Shizuoka-ken Nishiizu-cho
22325,函南町,Shizuoka-ken Kannami-cho
22341,清水町,Shizuoka-ken Shimizu-cho
22342,長泉町,Shizuoka-ken Nagaizumi-cho
22344,小山町,Shizuoka-ken Oyama-cho
22424,吉田町,Shizuoka-ken Yoshida-cho
22429,川根本町,Shizuoka-ken Kawanehon-cho
22461,森町,Shizuoka-ken Mori-machi
23100,名古屋市,Aichi-ken Nagoya-shi
23201,豊橋市,Aichi-ken Toyohashi-shi
23202,岡崎市,Aichi-ken Okazaki-shi
23203,一宮市,Aichi-ken Ichinomiya-shi
23204,瀬戸市,Aichi-ken Seto-shi
23205,半田市,Aichi-ken Handa-shi
23206,春日井市,Aichi-ken Kasugai-shi
23207,豊川市,Aichi-ken Toyokawa-shi
23208,津島市,Aichi-ken Tsushima-shi
23209,碧南市,Aichi-ken Hekinan-shi
23210,刈谷市,Aichi-ken Kariya-shi
23211,豊田市,Aichi-ken Toyota-shi
23212,安城市,Aichi-ken Anjo-shi
23213,西尾市,Aichi-ken Nishio-shi
23214,蒲郡市,Aichi-ken Gamagori-shi
23215,犬山市,Aichi-ken Inuyama-shi
23216,常滑市,Aichi-ken Tokoname-shi
23217,江南市,Aichi-ken Konan-shi
23219,小牧市,Aichi-ken Komaki-shi
23220,稲沢市,Aichi-ken Inazawa-shi
23221,新城市,Aichi-ken Shinshiro-shi
23222,東海市,Aichi-ken Tokai-shi
23223,大府市,Aichi-ken Obu-shi
23224,知多市,Aichi-ken Chita-shi
23225,知立市,Aichi-ken Chiryu-shi
23226,尾張旭市,Aichi-ken Owariasahi-shi
23227,高浜市,Aichi-ken Takahama-shi
23228,岩倉市,Aichi-ken Iwakura-shi
23229,豊明市,Aichi-ken Toyoake-shi
23230,日進市,Aichi-ken Nisshin-shi
23231,田原市,Aichi-ken Tahara-shi
23232,愛西市,Aichi-ken Aisai-shi
23233,清須市,Aichi-ken Kiyosu-shi
23234,北名古屋市,Aichi-ken Kitanagoya-shi
23235,弥富市,Aichi-ken Yatomi-shi
23236,みよし市,Aichi-ken Miyoshi-shi
23237,あま市,Aichi-ken Ama-shi
23238,長久手市,Aichi-ken Nagakute-shi
23302,東郷町,Aichi-ken Togo-cho
23342,豊山町,Aichi-ken Toyoyama-cho
23361,大口町,Aichi-ken Oguchi-cho
23362,扶桑町,Aichi-ken Fuso-cho
23424,大治町,Aichi-ken Oharu-cho
23425,蟹江町,Aichi-ken Kanie-cho
23427,飛島村,Aichi-ken Tobishima-mura
23441,阿久比町,Aichi-ken Agui-cho
23442,東浦町,Aichi-ken Higashiura-cho
23445,南知多町,Aichi-ken Minamichita-cho
23446,美浜町,Aichi-ken Mihama-cho
23447,武豊町,Aichi-ken Taketoyo-cho
23501,幸田町,Aichi-ken Kota-cho
23561,設楽町,Aichi-ken Shitara-cho
23562,東栄町,Aichi-ken Toei-cho
23563,豊根村,Aichi-ken Toyone-mura
24201,津市,Mie-ken Tsu-shi
24202,四日市市,Mie-ken Yokkaichi-shi
24203,伊勢市,Mie-ken Ise-shi
24204,松阪市,Mie-ken Matsusaka-shi
24205,桑名市,Mie-ken Kuwana-shi
24207,鈴鹿市,Mie-ken Suzuka-shi
24208,名張市,Mie-ken Nabari-shi
24209,尾鷲市,Mie-ken Owase-shi
24210,亀山市,Mie-ken Kameyama-shi
24211,鳥羽市,Mie-ken Toba-shi
24212,熊野市,Mie-ken Kumano-shi
24214,いなべ市,Mie-ken Inabe-shi
24215,志摩市,Mie-ken Shima-shi
24216,伊賀市,Mie-ken Iga-shi
24303,木曽岬町,Mie-ken Kisosaki-cho
24324,東員町,Mie-ken Toin-cho
24341,菰野町,Mie-ken Komono-cho
24343,朝日町,Mie-ken Asahi-cho
24344,川越町,Mie-ken Kawagoe-cho
24441,多気町,Mie-ken Taki-cho
24442,明和町,Mie-ken Meiwa-cho
24443,大台町,Mie-ken Odai-cho
24461,玉城町,Mie-ken Tamaki-cho
24470,度会町,Mie-ken Watarai-cho
24471,大紀町,Mie-ken Taiki-cho
24472,南伊勢町,Mie-ken Minamiise-cho
24543,紀北町,Mie-ken Kihoku-cho
24561,御浜町,Mie-ken Mihama-cho
24562,紀宝町,Mie-ken Kiho-cho
25201,大津市,Shiga-ken Otsu-shi
25202,彦根市,Shiga-ken Hikone-shi
25203,長浜市,Shiga-ken Nagahama-shi
25204,近江八幡市,Shiga-ken Omihachiman-shi
25206,草津市,Shiga-ken Kusatsu-shi
25207,守山市,Shiga-ken Moriyama-shi
25208,栗東市,Shiga-ken Ritto-shi
25209,甲賀市,Shiga-ken Koka-shi
25210,野洲市,Shiga-ken Yasu-shi
25211,湖南市,Shiga-ken Konan-shi
25212,高島市,Shiga-ken Takashima-shi
25213,東近江市,Shiga-ken Higashiomi-shi
25214,米原市,Shiga-ken Maibara-shi
25383,日野町,Shiga-ken Hino-cho
25384,竜王町,Shiga-ken Ryuo-cho
25425,愛荘町,Shiga-ken Aisho-cho
25441,豊郷町,Shiga-ken Toyosato-cho
25442,甲良町,Shiga-ken Kora-cho
25443,多賀町,Shiga-ken Taga-cho
26100,京都市,Kyoto-fu Kyoto-shi
26201,福知山市,Kyoto-fu Fukuchiyama-shi
26202,舞鶴市,Kyoto-fu Maizuru-shi
26203,綾部市,Kyoto-fu Ayabe-shi
26204,宇治市,Kyoto-fu Uji-shi
26205,宮津市,Kyoto-fu Miyazu-shi
26206,亀岡市,Kyoto-fu Kameoka-shi
26207,城陽市,Kyoto-fu Joyo-shi
26208,向日市,Kyoto-fu Muko-shi
26209,長岡京市,Kyoto-fu Nagaokakyo-shi
26210,八幡市,Kyoto-fu Yawata-shi
26211,京田辺市,Kyoto-fu Kyotanabe-shi
26212,京丹後市,Kyoto-fu Kyotango-shi
26213,南丹市,Kyoto-fu Nantan-shi
26214,木津川市,Kyoto-fu Kizugawa-shi
26303,大山崎町,Kyoto-fu Oyamazaki-cho
26322,久御山町,Kyoto-fu Kumiyama-cho
26343,井手町,Kyoto-fu Ide-cho
26344,宇治田原町,Kyoto-fu Ujitawara-cho
26364,笠置町,Kyoto-fu Kasagi-cho
26365,和束町,Kyoto-fu Wazuka-cho
26366,精華町,Kyoto-fu Seika-cho
26367,南山城村,Kyoto-fu Minamiyamashiro-mura
26407,京丹波町,Kyoto-fu Kyotamba-cho
26463,伊根町,Kyoto-fu Ine-cho
26465,与謝野町,Kyoto-fu Yosano-cho
27100,大阪市,Osaka-fu Osaka-shi
27140,堺市,Osaka-fu Sakai-shi
27202,岸和田市,Osaka-fu Kishiwada-shi
27203,豊中市,Osaka-fu Toyonaka-shi
27204,池田市,Osaka-fu Ikeda-shi
27205,吹田市,Osaka-fu Suita-shi
27206,泉大津市,Osaka-fu Izumiotsu-shi
27207,高槻市,Osaka-fu Takatsuki-shi
27208,貝塚市,Osaka-fu Kaizuka-shi
27209,守口市,Osaka-fu Moriguchi-shi
27210,枚方市,Osaka-fu Hirakata-shi
27211,茨木市,Osaka-fu Ibaraki-shi
27212,八尾市,Osaka-fu Yao-shi
27213,泉佐野市,Osaka-fu Izumisano-shi
27214,富田林市,Osaka-fu Tondabayashi-shi
27215,寝屋川市,Osaka-fu Neyagawa-shi
27216,河内長野市,Osaka-fu Kawachinagano-shi
27217,松原市,Osaka-fu Matsubara-shi
27218,大東市,Osaka-fu Daito-shi
27219,和泉市,Osaka-fu Izumi-shi
27220,箕面市,Osaka-fu Minoh-shi
27221,柏原市,Osaka-fu Kashiwara-shi
27222,羽曳野市,Osaka-fu Habikino-shi
27223,門真市,Osaka-fu Kadoma-shi
27224,摂津市,Osaka-fu Settsu-shi
27225,高石市,Osaka-fu Takaishi-shi
27226,藤井寺市,Osaka-fu Fujiidera-shi
27227,東大阪市,Osaka-fu Higashiosaka-shi
27228,泉南市,Osaka-fu Sennan-shi
27229,四條畷市,Osaka-fu Shijonawate-shi
27230,交野市,Osaka-fu Katano-shi
27231,大阪狭山市,Osaka-fu Osakasayama-shi
27232,阪南市,Osaka-fu Hannan-shi
27301,島本町,Osaka-fu Shimamoto-cho
27321,豊能町,Osaka-fu Toyono-cho
27322,能勢町,Osaka-fu Nose-cho
27341,忠岡町,Osaka-fu Tadaoka-cho
27361,熊取町,Osaka-fu Kumatori-cho
27362,田尻町,Osaka-fu Tajiri-cho
27366,岬町,Osaka-fu Misaki-cho
27381,太子町,Osaka-fu Taishi-cho
27382,河南町,Osaka-fu Kanan-cho
27383,千早赤阪村,Osaka-fu Chihayaakasaka-mura
28100,神戸市,Hyogo-ken Kobe-shi
28201,姫路市,Hyogo-ken Himeji-shi
28202,尼崎市,Hyogo-ken Amagasaki-shi
28203,明石市,Hyogo-ken Akashi-shi
28204,西宮市,Hyogo-ken Nishinomiya-shi
28205,洲本市,Hyogo-ken Sumoto-shi
28206,芦屋市,Hyogo-ken Ashiya-shi
28207,伊丹市,Hyogo-ken Itami-shi
28208,相生市,Hyogo-ken Aioi-shi
28209,豊岡市,Hyogo-ken Toyooka-shi
28210,加古川市,Hyogo-ken Kakogawa-shi
28212,赤穂市,Hyogo-ken Ako-shi
28213,西脇市,Hyogo-ken Nishiwaki-shi
28214,宝塚市,Hyogo-ken Takarazuka-shi
28215,三木市,Hyogo-ken Miki-shi
28216,高砂市,Hyogo-ken Takasago-shi
28217,川西市,Hyogo-ken Kawanishi-shi
28218,小野市,Hyogo-ken Ono-shi
28219,三田市,Hyogo-ken Sanda-shi
28220,加西市,Hyogo-ken Kasai-shi
28221,篠山市,Hyogo-ken Sasayama-shi
28222,養父市,Hyogo-ken Yabu-shi
28223,丹波市,Hyogo-ken Tamba-shi
28224,南あわじ市,Hyogo-ken Minamiawaji-shi
28225,朝来市,Hyogo-ken Asago-shi
28226,淡路市,Hyogo-ken Awaji-shi
28227,宍粟市,Hyogo-ken Shiso-shi
28228,加東市,Hyogo-ken Kato-shi
28229,たつの市,Hyogo-ken Tatsuno-shi
28301,猪名川町,Hyogo-ken Inagawa-cho
28365,多可町,Hyogo-ken Taka-cho
28381,稲美町,Hyogo-ken Inami-cho
28382,播磨町,Hyogo-ken Harima-cho
28442,市川町,Hyogo-ken Ichikawa-cho
28443,福崎町,Hyogo-ken Fukusaki-cho
28446,神河町,Hyogo-ken Kamikawa-cho
28464,太子町,Hyogo-ken Taishi-cho
28481,上郡町,Hyogo-ken Kamigori-cho
28501,佐用町,Hyogo-ken Sayo-cho
28585,香美町,Hyogo-ken Kami-cho
28586,新温泉町,Hyogo-ken Shinonsen-cho
29201,奈良市,Nara-ken Nara-shi
29202,大和高田市,Nara-ken Yamatotakada-shi
29203,大和郡山市,Nara-ken Yamatokoriyama-shi
29204,天理市,Nara-ken Tenri-shi
29205,橿原市,Nara-ken Kashihara-shi
29206,桜井市,Nara-ken Sakurai-shi
29207,五條市,Nara-ken Gojo-shi
29208,御所市,Nara-ken Gose-shi
29209,生駒市,Nara-ken Ikoma-shi
29210,香芝市,Nara-ken Kashiba-shi
29211,葛城市,Nara-ken Katsuragi-shi
29212,宇陀市,Nara-ken Uda-shi
29322,山添村,Nara-ken Yamazoe-mura
29342,平群町,Nara-ken Heguri-cho
29343,三郷町,Nara-ken Sango-cho
29344,斑鳩町,Nara-ken Ikaruga-cho
29345,安堵町,Nara-ken Ando-cho
29361,川西町,Nara-ken Kawanishi-cho
29362,三宅町,Nara-ken Miyake-cho
29363,田原本町,Nara-ken Tawaramoto-cho
29385,曽爾村,Nara-ken Soni-mura
29386,御杖村,Nara-ken Mitsue-mura
29401,高取町,Nara-ken Takatori-cho
29402,明日香村,Nara-ken Asuka-mura
29424,上牧町,Nara-ken Kammaki-cho
29425,王寺町,Nara-ken Oji-cho
29426,広陵町,Nara-ken Koryo-cho
29427,河合町,Nara-ken Kawai-cho
29441,吉野町,Nara-ken Yoshino-cho
29442,大淀町,Nara-ken Oyodo-cho
29443,下市町,Nara-ken Shimoichi-cho
29444,黒滝村,Nara-ken Kurotaki-mura
29446,天川村,Nara-ken Tenkawa-mura
29447,野迫川村,Nara-ken Nosegawa-mura
29449,十津川村,Nara-ken Totsukawa-mura
29450,下北山村,Nara-ken Shimokitayama-mura
29451,上北山村,Nara-ken Kamikitayama-mura
29452,川上村,Nara-ken Kawakami-mura
29453,東吉野村,Nara-ken Higashiyoshino-mura
30201,和歌山市,Wakayama-ken Wakayama-shi
30202,海南市,Wakayama-ken Kainan-shi
30203,橋本市,Wakayama-ken Hashimoto-shi
30204,有田市,Wakayama-ken Arida-shi
30205,御坊市,Wakayama-ken Gobo-shi
30206,田辺市,Wakayama-ken Tanabe-shi
30207,新宮市,Wakayama-ken Shingu-shi
30208,紀の川市,Wakayama-ken Kinokawa-shi
30209,岩出市,Wakayama-ken Iwade-shi
30304,紀美野町,Wakayama-ken Kimino-cho
30341,かつらぎ町,Wakayama-ken Katsuragi-cho
30343,九度山町,Wakayama-ken Kudoyama-cho
30344,高野町,Wakayama-ken Koya-cho
30361,湯浅町,Wakayama-ken Yuasa-cho
30362,広川町,Wakayama-ken Hirogawa-cho
30366,有田川町,Wakayama-ken Aridagawa-cho
30381,美浜町,Wakayama-ken Mihama-cho
30382,日高町,Wakayama-ken Hidaka-cho
30383,由良町,Wakayama-ken Yura-cho
30390,印南町,Wakayama-ken Inami-cho
30391,みなべ町,Wakayama-ken Minabe-cho
30392,日高川町,Wakayama-ken Hidakagawa-cho
30401,白浜町,Wakayama-ken Shirahama-cho
30404,上富田町,Wakayama-ken Kamitonda-cho
30406,すさみ町,Wakayama-ken Susami-cho
30421,那智勝浦町,Wakayama-ken Nachikatsuura-cho
30422,太地町,Wakayama-ken Taiji-cho
30424,古座川町,Wakayama-ken Kozagawa-cho
30427,北山村,Wakayama-ken Kitayama-mura
30428,串本町,Wakayama-ken Kushimoto-cho
31201,鳥取市,Tottori-ken Tottori-shi
31202,米子市,Tottori-ken Yonago-shi
31203,倉吉市,Tottori-ken Kurayoshi-shi
31204,境港市,Tottori-ken Sakaiminato-shi
31302,岩美町,Tottori-ken Iwami-cho
31325,若桜町,Tottori-ken Wakasa-cho
31328,智頭町,Tottori-ken Chizu-cho
31329,八頭町,Tottori-ken Yazu-cho
31364,三朝町,Tottori-ken Misasa-cho
31370,湯梨浜町,Tottori-ken Yurihama-cho
31371,琴浦町,Tottori-ken Kotoura-cho
31372,北栄町,Tottori-ken Hokuei-cho
31384,日吉津村,Tottori-ken Hiezu-son
31386,大山町,Tottori-ken Daisen-cho
31389,南部町,Tottori-ken Nambu-cho
31390,伯耆町,Tottori-ken Hoki-cho
31401,日南町,Tottori-ken Nichinan-cho
31402,日野町,Tottori-ken Hino-cho
31403,江府町,Tottori-ken Kofu-cho
32201,松江市,Shimane-ken Matsue-shi
32202,浜田市,Shimane-ken Hamada-shi
32203,出雲市,Shimane-ken Izumo-shi
32204,益田市,Shimane-ken Masuda-shi
32205,大田市,Shimane-ken Oda-shi
32206,安来市,Shimane-ken Yasugi-shi
32207,江津市,Shimane-ken Gotsu-shi
32209,雲南市,Shimane-ken Unnan-shi
32343,奥出雲町,Shimane-ken Okuizumo-cho
32386,飯南町,Shimane-ken Iinan-cho
32441,川本町,Shimane-ken Kawamoto-machi
32448,美郷町,Shimane-ken Misato-cho
32449,邑南町,Shimane-ken Onan-cho
32501,津和野町,Shimane-ken Tsuwano-cho
32505,吉賀町,Shimane-ken Yoshika-cho
32525,海士町,Shimane-ken Ama-cho
32526,西ノ島町,Shimane-ken Nishinoshima-cho
32527,知夫村,Shimane-ken Chibu-mura
32528,隠岐の島町,Shimane-ken Okinoshima-cho
33100,岡山市,Okayama-ken Okayama-shi
33202,倉敷市,Okayama-ken Kurashiki-shi
33203,津山市,Okayama-ken Tsuyama-shi
33204,玉野市,Okayama-ken Tamano-shi
33205,笠岡市,Okayama-ken Kasaoka-shi
33207,井原市,Okayama-ken Ibara-shi
33208,総社市,Okayama-ken Soja-shi
33209,高梁市,Okayama-ken Takahashi-shi
33210,新見市,Okayama-ken Niimi-shi
33211,備前市,Okayama-ken Bizen-shi
33212,瀬戸内市,Okayama-ken Setouchi-shi
33213,赤磐市,Okayama-ken Akaiwa-shi
33214,真庭市,Okayama-ken Maniwa-shi
33215,美作市,Okayama-ken Mimasaka-shi
33216,浅口市,Okayama-ken Asakuchi-shi
33346,和気町,Okayama-ken Wake-cho
33423,早島町,Okayama-ken Hayashima-cho
33445,里庄町,Okayama-ken Satosho-cho
33461,矢掛町,Okayama-ken Yakage-cho
33586,新庄村,Okayama-ken Shinjo-son
33606,鏡野町,Okayama-ken Kagamino-cho
33622,勝央町,Okayama-ken Shoo-cho
33623,奈義町,Okayama-ken Nagi-cho
33643,西粟倉村,Okayama-ken Nishiawakura-son
33663,久米南町,Okayama-ken Kumenan-cho
33666,美咲町,Okayama-ken Misaki-cho
33681,吉備中央町,Okayama-ken Kibichuo-cho
34100,広島市,Hiroshima-ken Hiroshima-shi
34202,呉市,Hiroshima-ken Kure-shi
34203,竹原市,Hiroshima-ken Takehara-shi
34204,三原市,Hiroshima-ken Mihara-shi
34205,尾道市,Hiroshima-ken Onomichi-shi
34207,福山市,Hiroshima-ken Fukuyama-shi
34208,府中市,Hiroshima-ken Fuchu-shi
34209,三次市,Hiroshima-ken Miyoshi-shi
34210,庄原市,Hiroshima-ken Shobara-shi
34211,大竹市,Hiroshima-ken Otake-shi
34212,東広島市,Hiroshima-ken Higashihiroshima-shi
34213,廿日市市,Hiroshima-ken Hatsukaichi-shi
34214,安芸高田市,Hiroshima-ken Akitakata-shi
34215,江田島市,Hiroshima-ken Etajima-shi
34302,府中町,Hiroshima-ken Fuchu-cho
34304,海田町,Hiroshima-ken Kaita-cho
34307,熊野町,Hiroshima-ken Kumano-cho
34309,坂町,Hiroshima-ken Saka-cho
34368,安芸太田町,Hiroshima-ken Akiota-cho
34369,北広島町,Hiroshima-ken Kitahiroshima-cho
34431,大崎上島町,Hiroshima-ken Osakikamijima-cho
34462,世羅町,Hiroshima-ken Sera-cho
34545,神石高原町,Hiroshima-ken Jinsekikogen-cho
35201,下関市,Yamaguchi-ken Shimonoseki-shi
35202,宇部市,Yamaguchi-ken Ube-shi
35203,山口市,Yamaguchi-ken Yamaguchi-shi
35204,萩市,Yamaguchi-ken Hagi-shi
35206,防府市,Yamaguchi-ken Hofu-shi
35207,下松市,Yamaguchi-ken Kudamatsu-shi
35208,岩国市,Yamaguchi-ken Iwakuni-shi
35210,光市,Yamaguchi-ken Hikari-shi
35211,長門市,Yamaguchi-ken Nagato-shi
35212,柳井市,Yamaguchi-ken Yanai-shi
35213,美祢市,Yamaguchi-ken Mine-shi
35215,周南市,Yamaguchi-ken Shunan-shi
35216,山陽小野田市,Yamaguchi-ken Sanyoonoda-shi
35305,周防大島町,Yamaguchi-ken Suooshima-cho
35321,和木町,Yamaguchi-ken Waki-cho
35341,上関町,Yamaguchi-ken Kaminoseki-cho
35343,田布施町,Yamaguchi-ken Tabuse-cho
35344,平生町,Yamaguchi-ken Hirao-cho
35502,阿武町,Yamaguchi-ken Abu-cho
36201,徳島市,Tokushima-ken Tokushima-shi
36202,鳴門市,Tokushima-ken Naruto-shi
36203,小松島市,Tokushima-ken Komatsushima-shi
36204,阿南市,Tokushima-ken Anan-shi
36205,吉野川市,Tokushima-ken Yoshinogawa-shi
36206,阿波市,Tokushima-ken Awa-shi
36207,美馬市,Tokushima-ken Mima-shi
36208,三好市,Tokushima-ken Miyoshi-shi
36301,勝浦町,Tokushima-ken Katsuura-cho
36302,上勝町,Tokushima-ken Kamikatsu-cho
36321,佐那河内村,Tokushima-ken Sanagouchi-son
36341,石井町,Tokushima-ken Ishii-cho
36342,神山町,Tokushima-ken Kamiyama-cho
36368,那賀町,Tokushima-ken Naka-cho
36383,牟岐町,Tokushima-ken Mugi-cho
36387,美波町,Tokushima-ken Minami-cho
36388,海陽町,Tokushima-ken Kaiyo-cho
36401,松茂町,Tokushima-ken Matsushige-cho
36402,北島町,Tokushima-ken Kitajima-cho
36403,藍住町,Tokushima-ken Aizumi-cho
36404,板野町,Tokushima-ken Itano-cho
36405,上板町,Tokushima-ken Kamiita-cho
36468,つるぎ町,Tokushima-ken Tsurugi-cho
36489,東みよし町,Tokushima-ken Higashimiyoshi-cho
37201,高松市,Kagawa-ken Takamatsu-shi
37202,丸亀市,Kagawa-ken Marugame-shi
37203,坂出市,Kagawa-ken Sakaide-shi
37204,善通寺市,Kagawa-ken Zentsuji-shi
37205,観音寺市,Kagawa-ken Kanonji-shi
37206,さぬき市,Kagawa-ken Sanuki-shi
37207,東かがわ市,Kagawa-ken Higashikagawa-shi
37208,三豊市,Kagawa-ken Mitoyo-shi
37322,土庄町,Kagawa-ken Tonosho-cho
37324,小豆島町,Kagawa-ken Shodoshima-cho
37341,三木町,Kagawa-ken Miki-cho
37364,直島町,Kagawa-ken Naoshima-cho
37386,宇多津町,Kagawa-ken Utazu-cho
37387,綾川町,Kagawa-ken Ayagawa-cho
37403,琴平町,Kagawa-ken Kotohira-cho
37404,多度津町,Kagawa-ken Tadotsu-cho
37406,まんのう町,Kagawa-ken Manno-cho
38201,松山市,Ehime-ken Matsuyama-shi
38202,今治市,Ehime-ken Imabari-shi
38203,宇和島市,Ehime-ken Uwajima-shi
38204,八幡浜市,Ehime-ken Yawatahama-shi
38205,新居浜市,Ehime-ken Niihama-shi
38206,西条市,Ehime-ken Saijo-shi
38207,大洲市,Ehime-ken Ozu-shi
38210,伊予市,Ehime-ken Iyo-shi
38213,四国中央市,Ehime-ken Shikokuchuo-shi
38214,西予市,Ehime-ken Seiyo-shi
38215,東温市,Ehime-ken Toon-shi
38356,上島町,Ehime-ken Kamijima-cho
38386,久万高原町,Ehime-ken Kumakogen-cho
38401,松前町,Ehime-ken Masaki-cho
38402,砥部町,Ehime-ken Tobe-cho
38422,内子町,Ehime-ken Uchiko-cho
38442,伊方町,Ehime-ken Ikata-cho
38484,松野町,Ehime-ken Matsuno-cho
38488,鬼北町,Ehime-ken Kihoku-cho
38506,愛南町,Ehime-ken Ainan-cho
39201,高知市,Kochi-ken Kochi-shi
39202,室戸市,Kochi-ken Muroto-shi
39203,安芸市,Kochi-ken Aki-shi
39204,南国市,Kochi-ken Nankoku-shi
39205,土佐市,Kochi-ken Tosa-shi
39206,須崎市,Kochi-ken Susaki-shi
39208,宿毛市,Kochi-ken Sukumo-shi
39209,土佐清水市,Kochi-ken Tosashimizu-shi
39210,四万十市,Kochi-ken Shimanto-shi
39211,香南市,Kochi-ken Konan-shi
39212,香美市,Kochi-ken Kami-shi
39301,東洋町,Kochi-ken Toyo-cho
39302,奈半利町,Kochi-ken Nahari-cho
39303,田野町,Kochi-ken Tano-cho
39304,安田町,Kochi-ken Yasuda-cho
39305,北川村,Kochi-ken Kitagawa-mura
39306,馬路村,Kochi-ken Umaji-mura
39307,芸西村,Kochi-ken Geisei-mura
39341,本山町,Kochi-ken Motoyama-cho
39344,大豊町,Kochi-ken Otoyo-cho
39363,土佐町,Kochi-ken Tosa-cho
39364,大川村,Kochi-ken Okawa-mura
39386,いの町,Kochi-ken Ino-cho
39387,仁淀川町,Kochi-ken Niyodogawa-cho
39401,中土佐町,Kochi-ken Nakatosa-cho
39402,佐川町,Kochi-ken Sakawa-cho
39403,越知町,Kochi-ken Ochi-cho
39405,檮原町,Kochi-ken Yusuhara-cho
39410,日高村,Kochi-ken Hidaka-mura
39411,津野町,Kochi-ken Tsuno-cho
39412,四万十町,Kochi-ken Shimanto-cho
39424,大月町,Kochi-ken Otsuki-cho
39427,三原村,Kochi-ken Mihara-mura
39428,黒潮町,Kochi-ken Kuroshio-cho
40100,北九州市,Fukuoka-ken Kitakyushu-shi
40130,福岡市,Fukuoka-ken Fukuoka-shi
40202,大牟田市,Fukuoka-ken Omuta-shi
40203,久留米市,Fukuoka-ken Kurume-shi
40204,直方市,Fukuoka-ken Nogata-shi
40205,飯塚市,Fukuoka-ken Iizuka-shi
40206,田川市,Fukuoka-ken Tagawa-shi
40207,柳川市,Fukuoka-ken Yanagawa-shi
40210,八女市,Fukuoka-ken Yame-shi
40211,筑後市,Fukuoka-ken Chikugo-shi
40212,大川市,Fukuoka-ken Okawa-shi
40213,行橋市,Fukuoka-ken Yukuhashi-shi
40214,豊前市,Fukuoka-ken Buzen-shi
40215,中間市,Fukuoka-ken Nakama-shi
40216,小郡市,Fukuoka-ken Ogori-shi
40217,筑紫野市,Fukuoka-ken Chikushino-shi
40218,春日市,Fukuoka-ken Kasuga-shi
40219,大野城市,Fukuoka-ken Onojo-shi
40220,宗像市,Fukuoka-ken Munakata-shi
40221,太宰府市,Fukuoka-ken Dazaifu-shi
40223,古賀市,Fukuoka-ken Koga-shi
40224,福津市,Fukuoka-ken Fukutsu-shi
40225,うきは市,Fukuoka-ken Ukiha-shi
40226,宮若市,Fukuoka-ken Miyawaka-shi
40227,嘉麻市,Fukuoka-ken Kama-shi
40228,朝倉市,Fukuoka-ken Asakura-shi
40229,みやま市,Fukuoka-ken Miyama-shi
40230,糸島市,Fukuoka-ken Itoshima-shi
40305,那珂川町,Fukuoka-ken Nakagawa-machi
40341,宇美町,Fukuoka-ken Umi-machi
40342,篠栗町,Fukuoka-ken Sasaguri-machi
40343,志免町,Fukuoka-ken Shime-machi
40344,須恵町,Fukuoka-ken Sue-machi
40345,新宮町,Fukuoka-ken Shingu-machi
40348,久山町,Fukuoka-ken Hisayama-machi
40349,粕屋町,Fukuoka-ken Kasuya-machi
40381,芦屋町,Fukuoka-ken Ashiya-machi
40382,水巻町,Fukuoka-ken Mizumaki-machi
40383,岡垣町,Fukuoka-ken Okagaki-machi
40384,遠賀町,Fukuoka-ken Onga-cho
40401,小竹町,Fukuoka-ken Kotake-machi
40402,鞍手町,Fukuoka-ken Kurate-machi
40421,桂川町,Fukuoka-ken Keisen-machi
40447,筑前町,Fukuoka-ken Chikuzen-machi
40448,東峰村,Fukuoka-ken Toho-mura
40503,大刀洗町,Fukuoka-ken Tachiarai-machi
40522,大木町,Fukuoka-ken Oki-machi
40544,広川町,Fukuoka-ken Hirokawa-machi
40601,香春町,Fukuoka-ken Kawara-machi
40602,添田町,Fukuoka-ken Soeda-machi
40604,糸田町,Fukuoka-ken Itoda-machi
40605,川崎町,Fukuoka-ken Kawasaki-machi
40608,大任町,Fukuoka-ken Oto-machi
40609,赤村,Fukuoka-ken Aka-mura
40610,福智町,Fukuoka-ken Fukuchi-machi
40621,苅田町,Fukuoka-ken Kanda-machi
40625,みやこ町,Fukuoka-ken Miyako-machi
40642,吉富町,Fukuoka-ken Yoshitomi-machi
40646,上毛町,Fukuoka-ken Koge-machi
40647,築上町,Fukuoka-ken Chikujo-machi
41201,佐賀市,Saga-ken Saga-shi
41202,唐津市,Saga-ken Karatsu-shi
41203,鳥栖市,Saga-ken Tosu-shi
41204,多久市,Saga-ken Taku-shi
41205,伊万里市,Saga-ken Imari-shi
41206,武雄市,Saga-ken Takeo-shi
41207,鹿島市,Saga-ken Kashima-shi
41208,小城市,Saga-ken Ogi-shi
41209,嬉野市,Saga-ken Ureshino-shi
41210,神埼市,Saga-ken Kanzaki-shi
41327,吉野ヶ里町,Saga-ken Yoshinogari-cho
41341,基山町,Saga-ken Kiyama-cho
41345,上峰町,Saga-ken Kamimine-cho
41346,みやき町,Saga-ken Miyaki-cho
41387,玄海町,Saga-ken Genkai-cho
41401,有田町,Saga-ken Arita-cho
41423,大町町,Saga-ken Omachi-cho
41424,江北町,Saga-ken Kohoku-machi
41425,白石町,Saga-ken Shiroishi-cho
41441,太良町,Saga-ken Tara-cho
42201,長崎市,Nagasaki-ken Nagasaki-shi
42202,佐世保市,Nagasaki-ken Sasebo-shi
42203,島原市,Nagasaki-ken Shimabara-shi
42204,諫早市,Nagasaki-ken Isahaya-shi
42205,大村市,Nagasaki-ken Omura-shi
42207,平戸市,Nagasaki-ken Hirado-shi
42208,松浦市,Nagasaki-ken Matsuura-shi
42209,対馬市,Nagasaki-ken Tsushima-shi
42210,壱岐市,Nagasaki-ken Iki-shi
42211,五島市,Nagasaki-ken Goto-shi
42212,西海市,Nagasaki-ken Saikai-shi
42213,雲仙市,Nagasaki-ken Unzen-shi
42214,南島原市,Nagasaki-ken Minamishimabara-shi
42307,長与町,Nagasaki-ken Nagayo-cho
42308,時津町,Nagasaki-ken Togitsu-cho
42321,東彼杵町,Nagasaki-ken Higashisonogi-cho
42322,川棚町,Nagasaki-ken Kawatana-cho
42323,波佐見町,Nagasaki-ken Hasami-cho
42383,小値賀町,Nagasaki-ken Ojika-cho
42391,佐々町,Nagasaki-ken Saza-cho
42411,新上五島町,Nagasaki-ken Shinkamigoto-cho
43100,熊本市,Kumamoto-ken Kumamoto-shi
43202,八代市,Kumamoto-ken Yatsushiro-shi
43203,人吉市,Kumamoto-ken Hitoyoshi-shi
43204,荒尾市,Kumamoto-ken Arao-shi
43205,水俣市,Kumamoto-ken Minamata-shi
43206,玉名市,Kumamoto-ken Tamana-shi
43208,山鹿市,Kumamoto-ken Yamaga-shi
43210,菊池市,Kumamoto-ken Kikuchi-shi
43211,宇土市,Kumamoto-ken Uto-shi
43212,上天草市,Kumamoto-ken Kamiamakusa-shi
43213,宇城市,Kumamoto-ken Uki-shi
43214,阿蘇市,Kumamoto-ken Aso-shi
43215,天草市,Kumamoto-ken Amakusa-shi
43216,合志市,Kumamoto-ken Koshi-shi
43348,美里町,Kumamoto-ken Misato-machi
43364,玉東町,Kumamoto-ken Gyokuto-machi
43367,南関町,Kumamoto-ken Nankan-machi
43368,長洲町,Kumamoto-ken Nagasu-machi
43369,和水町,Kumamoto-ken Nagomi-machi
43403,大津町,Kumamoto-ken Ozu-machi
43404,菊陽町,Kumamoto-ken Kikuyo-machi
43423,南小国町,Kumamoto-ken Minamioguni-machi
43424,小国町,Kumamoto-ken Oguni-machi
43425,産山村,Kumamoto-ken Ubuyama-mura
43428,高森町,Kumamoto-ken Takamori-machi
43432,西原村,Kumamoto-ken Nishihara-mura
43433,南阿蘇村,Kumamoto-ken Minamiaso-mura
43441,御船町,Kumamoto-ken Mifune-machi
43442,嘉島町,Kumamoto-ken Kashima-machi
43443,益城町,Kumamoto-ken Mashiki-machi
43444,甲佐町,Kumamoto-ken Kosa-machi
43447,山都町,Kumamoto-ken Yamato-cho
43468,氷川町,Kumamoto-ken Hikawa-cho
43482,芦北町,Kumamoto-ken Ashikita-machi
43484,津奈木町,Kumamoto-ken Tsunagi-machi
43501,錦町,Kumamoto-ken Nishiki-machi
43505,多良木町,Kumamoto-ken Taragi-machi
43506,湯前町,Kumamoto-ken Yunomae-machi
43507,水上村,Kumamoto-ken Mizukami-mura
43510,相良村,Kumamoto-ken Sagara-mura
43511,五木村,Kumamoto-ken Itsuki-mura
43512,山江村,Kumamoto-ken Yamae-mura
43513,球磨村,Kumamoto-ken Kuma-mura
43514,あさぎり町,Kumamoto-ken Asagiri-cho
43531,苓北町,Kumamoto-ken Reihoku-machi
44201,大分市,Oita-ken Oita-shi
44202,別府市,Oita-ken Beppu-shi
44203,中津市,Oita-ken Nakatsu-shi
44204,日田市,Oita-ken Hita-shi
44205,佐伯市,Oita-ken Saiki-shi
44206,臼杵市,Oita-ken Usuki-shi
44207,津久見市,Oita-ken Tsukumi-shi
44208,竹田市,Oita-ken Taketa-shi
44209,豊後高田市,Oita-ken Bungotakada-shi
44210,杵築市,Oita-ken Kitsuki-shi
44211,宇佐市,Oita-ken Usa-shi
44212,豊後大野市,Oita-ken Bungoono-shi
44213,由布市,Oita-ken Yufu-shi
44214,国東市,Oita-ken Kunisaki-shi
44322,姫島村,Oita-ken Himeshima-mura
44341,日出町,Oita-ken Hiji-machi
44461,九重町,Oita-ken Kokonoe-machi
44462,玖珠町,Oita-ken Kusu-machi
45201,宮崎市,Miyazaki-ken Miyazaki-shi
45202,都城市,Miyazaki-ken Miyakonojo-shi
45203,延岡市,Miyazaki-ken Nobeoka-shi
45204,日南市,Miyazaki-ken Nichinan-shi
45205,小林市,Miyazaki-ken Kobayashi-shi
45206,日向市,Miyazaki-ken Hyuga-shi
45207,串間市,Miyazaki-ken Kushima-shi
45208,西都市,Miyazaki-ken Saito-shi
45209,えびの市,Miyazaki-ken Ebino-shi
45341,三股町,Miyazaki-ken Mimata-cho
45361,高原町,Miyazaki-ken Takaharu-cho
45382,国富町,Miyazaki-ken Kunitomi-cho
45383,綾町,Miyazaki-ken Aya-cho
45401,高鍋町,Miyazaki-ken Takanabe-cho
45402,新富町,Miyazaki-ken Shintomi-cho
45403,西米良村,Miyazaki-ken Nishimera-son
45404,木城町,Miyazaki-ken Kijo-cho
45405,川南町,Miyazaki-ken Kawaminami-cho
45406,都農町,Miyazaki-ken Tsuno-cho
45421,門川町,Miyazaki-ken Kadogawa-cho
45429,諸塚村,Miyazaki-ken Morotsuka-son
45430,椎葉村,Miyazaki-ken Shiiba-son
45431,美郷町,Miyazaki-ken Misato-cho
45441,高千穂町,Miyazaki-ken Takachiho-cho
45442,日之影町,Miyazaki-ken Hinokage-cho
45443,五ヶ瀬町,Miyazaki-ken Gokase-cho
46201,鹿児島市,Kagoshima-ken Kagoshima-shi
46203,鹿屋市,Kagoshima-ken Kanoya-shi
46204,枕崎市,Kagoshima-ken Makurazaki-shi
46206,阿久根市,Kagoshima-ken Akune-shi
46208,出水市,Kagoshima-ken Izumi-shi
46210,指宿市,Kagoshima-ken Ibusuki-shi
46213,西之表市,Kagoshima-ken Nishinoomote-shi
46214,垂水市,Kagoshima-ken Tarumizu-shi
46215,薩摩川内市,Kagoshima-ken Satsumasendai-shi
46216,日置市,Kagoshima-ken Hioki-shi
46217,曽於市,Kagoshima-ken So-shi
46218,霧島市,Kagoshima-ken Kirishima-shi
46219,いちき串木野市,Kagoshima-ken Ichikikushikino-shi
46220,南さつま市,Kagoshima-ken Minamisatsuma-shi
46221,志布志市,Kagoshima-ken Shibushi-shi
46222,奄美市,Kagoshima-ken Amami-shi
46223,南九州市,Kagoshima-ken Minamikyusyu-shi
46224,伊佐市,Kagoshima-ken Isa-shi
46225,姶良市,Kagoshima-ken Aira-shi
46303,三島村,Kagoshima-ken Mishima-mura
46304,十島村,Kagoshima-ken Toshima-mura
46392,さつま町,Kagoshima-ken Satsuma-cho
46404,長島町,Kagoshima-ken Nagashima-cho
46452,湧水町,Kagoshima-ken Yusui-cho
46468,大崎町,Kagoshima-ken Osaki-cho
46482,東串良町,Kagoshima-ken Higashikushira-cho
46490,錦江町,Kagoshima-ken Kinko-cho
46491,南大隅町,Kagoshima-ken Minamiosumi-cho
46492,肝付町,Kagoshima-ken Kimotsuki-cho
46501,中種子町,Kagoshima-ken Nakatane-cho
46502,南種子町,Kagoshima-ken Minamitane-cho
46505,屋久島町,Kagoshima-ken Yakushima-cho
46523,大和村,Kagoshima-ken Yamato-son
46524,宇検村,Kagoshima-ken Uken-son
46525,瀬戸内町,Kagoshima-ken Setouchi-cho
46527,龍郷町,Kagoshima-ken Tatsugo-cho
46529,喜界町,Kagoshima-ken Kikai-cho
46530,徳之島町,Kagoshima-ken Tokunoshima-cho
46531,天城町,Kagoshima-ken Amagi-cho
46532,伊仙町,Kagoshima-ken Isen-cho
46533,和泊町,Kagoshima-ken Wadomari-cho
46534,知名町,Kagoshima-ken China-cho
46535,与論町,Kagoshima-ken Yoron-cho
47201,那覇市,Okinawa-ken Naha-shi
47205,宜野湾市,Okinawa-ken Ginowan-shi
47207,石垣市,Okinawa-ken Ishigaki-shi
47208,浦添市,Okinawa-ken Urasoe-shi
47209,名護市,Okinawa-ken Nago-shi
47210,糸満市,Okinawa-ken Itoman-shi
47211,沖縄市,Okinawa-ken Okinawa-shi
47212,豊見城市,Okinawa-ken Tomigusuku-shi
47213,うるま市,Okinawa-ken Uruma-shi
47214,宮古島市,Okinawa-ken Miyakojima-shi
47215,南城市,Okinawa-ken Nanjo-shi
47301,国頭村,Okinawa-ken Kunigami-son
47302,大宜味村,Okinawa-ken Ogimi-son
47303,東村,Okinawa-ken Higashi-son
47306,今帰仁村,Okinawa-ken Nakijin-son
47308,本部町,Okinawa-ken Motobu-cho
47311,恩納村,Okinawa-ken Onna-son
47313,宜野座村,Okinawa-ken Ginoza-son
47314,金武町,Okinawa-ken Kin-cho
47315,伊江村,Okinawa-ken Ie-son
47324,読谷村,Okinawa-ken Yomitan-son
47325,嘉手納町,Okinawa-ken Kadena-cho
47326,北谷町,Okinawa-ken Chatan-cho
47327,北中城村,Okinawa-ken Kitanakagusuku-son
47328,中城村,Okinawa-ken Nakagusuku-son
47329,西原町,Okinawa-ken Nishihara-cho
47348,与那原町,Okinawa-ken Yonabaru-cho
47350,南風原町,Okinawa-ken Haebaru-cho
47353,渡嘉敷村,Okinawa-ken Tokashiki-son
47354,座間味村,Okinawa-ken Zamami-son
47355,粟国村,Okinawa-ken Aguni-son
47356,渡名喜村,Okinawa-ken Tonaki-son
47357,南大東村,Okinawa-ken Minamidaito-son
47358,北大東村,Okinawa-ken Kitadaito-son
47359,伊平屋村,Okinawa-ken Iheya-son
47360,伊是名村,Okinawa-ken Izena-son
47361,久米島町,Okinawa-ken Kumejima-cho
47362,八重瀬町,Okinawa-ken Yaese-cho
47375,多良間村,Okinawa-ken Tarama-son
47381,竹富町,Okinawa-ken Taketomi-cho
47382,与那国町,Okinawa-ken Yonaguni-cho